tarih,gerceklesen,t1,t2,t1_mape,t2_mape,n_gerceklesen,tarih_str
2025-01-01,33308.168750000004,37202.01210298435,37010.672659291326,11.987508112032044,11.88877506369167,24,2025-01-01
2025-01-02,39723.33416666667,38834.91893460041,40037.14473893542,2.291771703150783,1.75759160495375,24,2025-01-02
2025-01-03,40528.244166666664,40138.7597453194,39601.03715341789,1.0936246711812878,2.3782823178107857,24,2025-01-03
2025-01-04,39159.715833333335,38809.247740239,39110.40409045274,1.056790549043248,1.485337293132896,24,2025-01-04
2025-01-05,35427.57041666666,35776.267674804905,35433.10720767266,1.51197595776406,1.8720068150217914,24,2025-01-05
2025-01-06,40579.392916666664,40350.56002998459,39932.09582416556,1.50311968753823,1.7026204971203667,24,2025-01-06
2025-01-07,41406.12333333333,40568.038695128955,39957.54396707462,2.073578605929379,3.5540359282192586,24,2025-01-07
2025-01-08,41079.1575,41164.05677179445,39696.96020743764,1.5587714010980898,3.3383080031765577,24,2025-01-08
2025-01-09,41034.695,41698.902204045095,41462.24292373531,1.6400392296413688,1.2275733176929828,24,2025-01-09
2025-01-10,40802.755,41083.4551081484,42109.602045831125,0.7321264248524404,3.2713401907868067,24,2025-01-10
2025-01-11,39368.19666666666,39513.66240481262,39488.25786630014,1.0372800676550489,1.0101358383409942,24,2025-01-11
2025-01-12,35450.71833333333,35780.1702151665,36066.4129838147,1.1968326218004253,2.015614556788749,24,2025-01-12
2025-01-13,41566.385,41077.53570524927,40884.106876307946,1.6806481749757616,1.7772257046976527,24,2025-01-13
2025-01-14,42396.511666666665,42358.81240563608,41698.51089705631,0.6156072595896301,1.5745685302869308,24,2025-01-14
2025-01-15,42522.34916666667,41886.05031281089,41004.37086605679,1.5411208418408178,3.449446930453687,24,2025-01-15
2025-01-16,42501.99875,42328.74312615024,41744.51491942118,0.6902893933792668,1.7248749294350485,24,2025-01-16
2025-01-17,41779.9625,41976.85805448931,41666.726458134275,1.092383416788033,0.8933106773343177,24,2025-01-17
2025-01-18,39689.221666666665,39740.47656124582,39674.336829828484,0.9922604909845752,0.7075869096199652,24,2025-01-18
2025-01-19,35260.815416666665,35592.92269453554,35685.893842497586,1.1703095243811956,1.794852572993281,24,2025-01-19
2025-01-20,40947.59291666667,41027.3822882708,41413.867225849215,1.3336044083879504,1.1836081344185532,24,2025-01-20
2025-01-21,42345.933333333334,42005.77965656674,41968.81514254417,1.2891788957747157,1.5256505017306632,24,2025-01-21
2025-01-22,42417.16333333334,42236.96166378666,41728.73246734131,1.1366491016643903,1.749802093828759,24,2025-01-22
2025-01-23,42399.14625,42237.01502911517,42013.763288687835,0.7066656720014192,1.3262814396819753,24,2025-01-23
2025-01-24,41470.8225,41416.760082514236,41489.892722692166,0.8119302331468178,0.6585457290053388,24,2025-01-24
2025-01-25,39577.037083333336,39481.94682783541,39595.06873195933,0.5792755624936698,0.6762248342445202,24,2025-01-25
2025-01-26,35159.97083333333,35130.787303483834,35066.25263405781,0.7015520530116719,0.8403634295708567,24,2025-01-26
2025-01-27,40784.39791666667,40753.59592736598,41066.02592766718,0.5247986493776778,0.9927803824206447,24,2025-01-27
2025-01-28,41358.729166666664,41669.867558952974,41718.42356715767,0.9584319472563657,1.2070504370633384,24,2025-01-28
2025-01-29,41057.049166666664,41254.88947024624,41003.322640742204,1.0595327622288317,0.5959289480770339,24,2025-01-29
2025-01-30,41389.24791666667,41205.961719240826,41026.28689556555,0.9608195035760909,1.305647927813924,24,2025-01-30
2025-01-31,40924.38791666667,40864.0283289056,40495.3773556775,0.7198326837910786,1.103204924109747,24,2025-01-31
2025-02-01,38479.122083333335,38992.42990907592,38627.09576423445,1.381187536862129,0.8519479785427159,24,2025-02-01
2025-02-02,34640.4175,34515.32514513491,34624.89251920758,0.9802890408799483,0.8015690086599823,24,2025-02-02
2025-02-03,40145.57541666667,40148.60586414346,39521.60403810707,1.0875642976834157,2.2224876049051896,24,2025-02-03
2025-02-04,42092.769166666665,41598.990739134075,41153.07679327549,1.9269279391359768,2.598659310070071,24,2025-02-04
2025-02-05,43436.81375,41990.94751155226,41431.15417290987,3.7662759812118813,4.927534135998914,24,2025-02-05
2025-02-06,43501.120416666665,42919.01194646854,41598.55637664437,1.3479861904847716,4.180932844846739,24,2025-02-06
2025-02-07,43612.293750000004,42690.077414118365,41781.89515039622,2.304788289936161,3.9451107860066124,24,2025-02-07
2025-02-08,40629.864166666666,40559.508878049935,39460.47424993388,0.6505630675736443,2.784079275115222,24,2025-02-08
2025-02-09,36615.412083333336,35869.68003704272,35801.23694099045,1.9844399092797034,2.3199000940797907,24,2025-02-09
2025-02-10,42836.394166666665,42059.44060476992,41149.67546006213,1.934819890134689,3.669268800363979,24,2025-02-10
2025-02-11,43902.207916666666,43224.60141816741,42291.266763038286,1.6328505262639805,3.617905127377378,24,2025-02-11
2025-02-12,43869.24,43239.40555638482,42619.228800216064,1.4233508211951997,2.7317259853520244,24,2025-02-12
2025-02-13,43628.21958333333,43388.64929390381,42601.715451486874,1.005135679509452,2.26978366419046,24,2025-02-13
2025-02-14,42634.160833333335,42764.33787411921,42901.950563141436,0.8498268042080599,0.8474428717259124,24,2025-02-14
2025-02-15,39535.098333333335,39500.74992602637,39755.28823231336,0.5607524805635007,0.8670219271747492,24,2025-02-15
2025-02-16,34932.065833333334,35423.329872257826,35311.48595551358,1.3880051466298455,1.4708721382161352,24,2025-02-16
2025-02-17,40757.962916666664,40936.40762939136,41315.49096409158,0.6754398924342037,1.5049105869456536,24,2025-02-17
2025-02-18,42118.112499999996,42444.89034658505,41907.85144187056,1.0325086418713443,0.9830425987967786,24,2025-02-18
2025-02-19,42682.699583333335,42993.46175395527,43019.9842872869,1.017160790487554,1.4668865749661781,24,2025-02-19
2025-02-20,43565.48333333333,43209.28050676151,43578.77203270734,0.941452599183422,0.8039587431827879,24,2025-02-20
2025-02-21,43499.19416666667,43428.03302435792,43270.56610024647,0.8581056380891727,1.0468064570474862,24,2025-02-21
2025-02-22,41300.393749999996,40476.37551395941,40482.477020395454,2.087156187554978,2.1754041551086485,24,2025-02-22
2025-02-23,37337.394166666665,36862.075696995635,36520.10533700433,1.8472086405363106,2.3841786676507977,24,2025-02-23
2025-02-24,43072.85916666667,43289.67776476348,42489.071091694765,0.9953247576721848,1.4759967033195212,24,2025-02-24
2025-02-25,44168.72625,44137.754699946985,44101.30697733326,0.5482170514263597,0.7343731458503622,24,2025-02-25
2025-02-26,43330.54,43771.50668611438,43630.806404857394,1.1940028848980055,1.2386995951498556,24,2025-02-26
2025-02-27,42401.01125,43214.17105380558,43641.54147115049,1.8783563820720675,2.8518814520677096,24,2025-02-27
2025-02-28,41865.43083333333,42224.3610381332,42807.60585659258,1.0520455505079862,2.318825447195183,24,2025-02-28
2025-03-01,38586.77625,39543.810600829594,39677.182371630595,4.150691783993947,3.8487220486957376,24,2025-03-01
2025-03-02,34723.12583333333,35070.66801410951,35462.80823772964,2.63328957723146,3.7527660551839923,24,2025-03-02
2025-03-03,40973.472916666666,40840.708963217054,40719.43713916616,1.8344943907661875,2.203350360765946,24,2025-03-03
2025-03-04,41075.70208333333,42189.61727320076,41748.67427941594,3.205966640887835,3.698227531220038,24,2025-03-04
2025-03-05,40250.72041666667,40265.391463929,41931.59263703868,1.1112967838710779,4.380379814916488,24,2025-03-05
2025-03-06,39981.67333333333,39571.27594051396,41082.51224118525,1.3421264141143956,3.2975193491805044,24,2025-03-06
2025-03-07,39347.309583333335,39441.60756418543,39915.564123200165,0.9944937871574276,1.9399717857365832,24,2025-03-07
2025-03-08,37506.8125,37324.91419470455,37866.297684285695,0.5997481758682017,1.0239785397506742,24,2025-03-08
2025-03-09,33537.17083333333,34753.991687869915,34619.09368603296,3.6674588405748314,3.2947064696674846,24,2025-03-09
2025-03-10,38177.13416666666,39196.98208333277,39378.63747083439,2.613967676910891,3.17431529858605,24,2025-03-10
2025-03-11,38743.17083333333,38877.31733482633,39835.17651414845,0.6824719020515709,2.8459411601912037,24,2025-03-11
2025-03-12,38444.746250000004,38626.83587087397,38826.12120805609,1.0676645825524587,1.3504176447319356,24,2025-03-12
2025-03-13,38130.09875,38389.86952581595,38280.547988300816,1.2171055240685353,1.2082461233556534,24,2025-03-13
2025-03-14,37448.99916666667,37927.14880163456,37908.33269639336,1.6450200558714512,1.620182441400849,24,2025-03-14
2025-03-15,35942.57666666667,36083.203935054575,35997.96610163316,1.0110611301653922,1.1900528814013074,24,2025-03-15
2025-03-16,32119.790833333333,32395.382078918115,32352.167903686804,1.5095969081381295,1.5950675310577607,24,2025-03-16
2025-03-17,36716.41541666666,36568.573407753116,36820.90781431288,1.2118915975470983,1.1694441386618848,24,2025-03-17
2025-03-18,39095.833333333336,38395.81977155934,38155.69821847043,2.0658753512765533,2.452403730350182,24,2025-03-18
2025-03-19,40777.940416666665,39761.85274350522,38985.071096913336,2.382350885605548,4.261072133972649,24,2025-03-19
2025-03-20,42288.08875,40892.28409910077,39820.41988799125,3.1942942020808207,5.644457645962966,24,2025-03-20
2025-03-21,41573.059583333335,41149.651579938276,39749.64401994002,1.106177914527376,4.309033065823273,24,2025-03-21
2025-03-22,39099.5225,38819.21039276652,37985.158124060596,0.9757913845204373,2.768975719609978,24,2025-03-22
2025-03-23,35110.652500000004,34389.187601883415,33981.120872587555,2.0046896032955357,3.1525612397372265,24,2025-03-23
2025-03-24,39580.681666666664,38921.17775560367,38343.95605268802,1.9989064851366563,3.0424193740590098,24,2025-03-24
2025-03-25,39408.05541666666,40026.37047555656,39634.52221701998,1.7278443224006406,1.1358987042520519,24,2025-03-25
2025-03-26,39098.5525,39133.35082589143,40018.425561896256,0.585606686903869,2.392558812614166,24,2025-03-26
2025-03-27,38272.79791666667,38831.77672202002,39294.71380552047,1.5536205478470786,2.6877583072245206,24,2025-03-27
2025-03-28,37338.50083333333,37390.0103640666,38138.47459231832,0.9857704349696489,2.225490648211187,24,2025-03-28
2025-03-29,30750.89791666667,33031.62822330396,31650.672522026125,7.8661906693680566,4.944933744127696,24,2025-03-29
2025-03-30,25892.721250000002,27352.232778469406,27235.705363833647,7.648648846105313,8.59385474871448,24,2025-03-30
2025-03-31,25979.17125,27535.744020176284,28193.962634744195,6.231106150055857,8.587055089074164,24,2025-03-31
2025-04-01,27782.75833333333,28782.965416113428,31831.791307366468,4.429932908581595,14.815134816936178,24,2025-04-01
2025-04-02,34105.62583333333,32867.72384104157,31899.008688354646,4.559750385391763,6.071265403276897,24,2025-04-02
2025-04-03,36661.793333333335,36254.23477541071,34283.452552994946,3.321050055142391,7.179105301256914,24,2025-04-03
2025-04-04,36385.19416666667,36745.78523036643,35671.97542385838,2.4944573785209703,3.702818917356583,24,2025-04-04
2025-04-05,35489.10333333333,35397.34382811187,35306.07944014122,2.2354040910831494,3.2077003400410153,24,2025-04-05
2025-04-06,32402.765833333335,34281.27438025916,32781.525324897455,5.827459259518168,2.2505418459011035,24,2025-04-06
2025-04-07,38318.315833333334,38324.573057651076,38554.301932801514,3.085458711115668,3.0491847407167825,24,2025-04-07
2025-04-08,39835.43916666667,40064.767356731936,38329.04264768918,1.9885234594230339,4.984335538727019,24,2025-04-08
2025-04-09,40285.653333333335,40257.72778411471,39334.160509734626,2.21172259552171,4.276812203999194,24,2025-04-09
2025-04-10,40056.916666666664,39986.21085484554,39875.84492938936,1.4351931199396297,2.164592927500021,24,2025-04-10
2025-04-11,40996.9,39716.548261566066,39977.282180761315,3.0664978393486764,2.910744135321007,24,2025-04-11
2025-04-12,39309.035833333335,38326.407578414066,37919.823175527476,2.5067449282184264,3.5363601246479006,24,2025-04-12
2025-04-13,34952.28625,34401.04880341194,34249.062452278806,1.577437944686043,2.022134010709212,24,2025-04-13
2025-04-14,39795.309583333335,39513.50599671926,39122.80196504294,1.0627968374843737,1.8016562205211641,24,2025-04-14
2025-04-15,39776.596666666665,40091.82300386001,39902.718067633316,1.169943261597109,1.1236218796196418,24,2025-04-15
2025-04-16,39121.2825,39053.22355632409,39401.791967646226,0.8369996580910167,0.9606115042825699,24,2025-04-16
2025-04-17,38543.60375,38336.90341833734,38322.54017415022,0.9892008068748015,0.8762316405175633,24,2025-04-17
2025-04-18,38291.98,38232.10025202412,37991.62276023551,0.8518129525493737,1.1732102734331427,24,2025-04-18
2025-04-19,36867.059166666666,36200.732522215076,36194.69240838035,2.034186866709088,1.8546895138004837,24,2025-04-19
2025-04-20,33053.53333333333,32565.96452322975,31595.711371994417,1.6028647424124383,4.445181023763048,24,2025-04-20
2025-04-21,37394.60791666667,37464.46089769941,36343.140599608996,0.6748017462332565,3.051540463982292,24,2025-04-21
2025-04-22,38292.574166666665,37368.985338162915,37092.5398963688,2.388645531884365,3.137973423555728,24,2025-04-22
2025-04-23,35001.32916666667,35891.53794569475,34121.98307140417,2.713214876135771,2.5745790364867385,24,2025-04-23
2025-04-24,38009.909166666665,37182.34848546806,36953.679022682205,2.197049397947457,2.7077446619648136,24,2025-04-24
2025-04-25,38310.519583333335,38428.038242721035,37284.27671931698,1.0436911275188288,2.728007228549538,24,2025-04-25
2025-04-26,36650.02958333333,37078.81340675566,36869.02708626375,1.239662179662646,1.049700916620059,24,2025-04-26
2025-04-27,32636.952916666665,33353.768793160045,33736.431308899315,2.433206407558504,3.535929326393976,24,2025-04-27
2025-04-28,37330.96625,37480.515311020536,37212.57702429857,1.3150098895110758,1.1771699304695011,24,2025-04-28
2025-04-29,39048.05333333334,38707.345066638685,38311.92910586325,1.0883272218684552,1.9944995735996207,24,2025-04-29
2025-04-30,38880.2475,38005.45009879696,37456.880333937865,2.1833817842088075,3.558870493538352,24,2025-04-30
2025-05-01,34803.60291666666,36571.15679739343,35383.399953727974,5.0489906499342245,2.2492006217617595,24,2025-05-01
2025-05-02,36750.48666666667,36846.183365952726,38047.12993335431,1.4728042203158334,3.9003027062945548,24,2025-05-02
2025-05-03,35683.41375,35630.52493492264,35155.828302808935,0.5305880235143338,1.646995391891692,24,2025-05-03
2025-05-04,32294.09708333333,32047.878435398376,31719.324278537966,1.3149109320173695,2.1168253701374042,24,2025-05-04
2025-05-05,36696.58375,36975.826260611786,36800.171637893836,1.166064624798558,0.9889382126703051,24,2025-05-05
2025-05-06,38007.074166666665,38213.50442266056,38623.139065771706,1.1681846328044942,2.05546436802193,24,2025-05-06
2025-05-07,38607.357083333336,38269.58923040951,38069.23735021696,1.1322496748934785,2.0046274747167305,24,2025-05-07
2025-05-08,38627.01458333333,37789.84798412817,37681.53246919238,2.223497985586617,2.5039942729221747,24,2025-05-08
2025-05-09,38344.38625,38500.9005476104,37799.59738167209,0.8675123935285934,1.633595788050567,24,2025-05-09
2025-05-10,37336.277083333334,36741.580762998754,37556.70389990517,1.5783622033773836,0.9822198356014393,24,2025-05-10
2025-05-11,33353.09166666667,33039.69971978174,32876.810490193566,1.2018958908711264,1.7567728864589247,24,2025-05-11
2025-05-12,38025.8725,37683.06376140721,37405.763885837594,1.1600451835083545,1.5816627901155134,24,2025-05-12
2025-05-13,38934.714583333334,38774.65089339527,38609.374611637984,0.8519902092878117,1.0088717176407427,24,2025-05-13
2025-05-14,38757.525,38732.02581190905,38570.552742371954,0.8468994103197103,1.1229882036530603,24,2025-05-14
2025-05-15,38457.3725,38236.18749803766,37784.865795367215,1.2825143283963283,1.8560578881194418,24,2025-05-15
2025-05-16,39006.4825,37941.41823654437,37703.70906236141,2.753531928581944,3.3091356780133965,24,2025-05-16
2025-05-17,37390.325000000004,37174.069086553565,36389.770445432514,0.7418998260304065,2.6769987373748543,24,2025-05-17
2025-05-18,33538.87791666667,33323.700355880006,32739.647890843942,1.3882140903674411,2.4133473981471067,24,2025-05-18
2025-05-19,34333.183333333334,34642.13350202982,34368.8108551542,2.9670294517061695,1.6601808709935233,24,2025-05-19
2025-05-20,38649.51291666667,37246.26642153883,37686.124555464114,3.5643792560466765,4.039353201543114,24,2025-05-20
2025-05-21,39683.520833333336,39113.78893883287,37694.73545467837,1.5455000831818175,5.191053745020716,24,2025-05-21
2025-05-22,40117.823333333334,39883.53474892496,39486.796662291235,0.689860600454443,1.6957535555677075,24,2025-05-22
2025-05-23,40300.700833333336,40190.97070145124,40016.686155142364,0.7734478781784769,0.9996691863901961,24,2025-05-23
2025-05-24,38911.44,38607.649049824635,38524.92985028945,1.220702031717701,1.0853819479409543,24,2025-05-24
2025-05-25,34711.96208333333,34776.1568323075,34404.96566316255,1.2799523396792167,1.7325913563465034,24,2025-05-25
2025-05-26,39499.34208333333,38095.18606846214,38238.19395484428,3.415864484090543,3.1420649473557414,24,2025-05-26
2025-05-27,39877.1575,39848.71076738871,39028.97681625015,0.4674910461189739,2.2177630051473582,24,2025-05-27
2025-05-28,39595.48333333333,39663.35144856238,39665.87699946395,0.6250695034383557,0.7773019741555928,24,2025-05-28
2025-05-29,39149.93208333333,39420.74213313398,39256.319655109386,1.449189108306942,1.44614887085295,24,2025-05-29
2025-05-30,38349.74083333334,38720.18700912909,38834.74236022034,1.3237902192441042,1.3948682660625975,24,2025-05-30
2025-05-31,36411.465416666666,36708.40704198018,36793.118491572444,1.2012399680345676,1.3523340880311736,24,2025-05-31
2025-06-01,32624.433333333334,32356.99837949988,33098.266832733185,1.1238963965065585,2.2692873978832964,24,2025-06-01
2025-06-02,36494.324166666665,36519.55137118205,36652.92947408127,1.446227005964117,1.306929495028728,24,2025-06-02
2025-06-03,37297.004583333335,37674.81336061526,38383.49375319204,1.384101404036744,2.898916961440477,24,2025-06-03
2025-06-04,36699.38416666666,37762.3879232869,38260.20014051945,2.9187952160048845,4.386521681085191,24,2025-06-04
2025-06-05,31042.994583333333,34307.32574056397,33582.27551509703,10.294510792585685,8.116960538643761,24,2025-06-05
2025-06-06,26294.327083333334,27202.857525720563,29835.894873644662,3.774695268189003,13.818458525315775,24,2025-06-06
2025-06-07,27451.491250000003,26126.751967041244,26271.712055311476,4.744030488336268,7.595996853345617,24,2025-06-07
2025-06-08,28550.005416666667,26138.12954502061,27080.513698599836,8.057802057064817,5.3667966243028395,24,2025-06-08
2025-06-09,30441.51125,31458.287455356873,29972.305995880277,8.226968602387032,5.078977370515601,24,2025-06-09
2025-06-10,38275.75208333333,36247.649717581,34625.099420857856,5.366319551119626,12.002565255740244,24,2025-06-10
2025-06-11,40894.16458333333,40124.33368428624,38335.12287459263,1.8685719458790413,6.24265275600377,24,2025-06-11
2025-06-12,42102.91333333334,40910.72268740541,39536.420717755755,2.8279176367096555,5.7965742280207815,24,2025-06-12
2025-06-13,42099.56333333333,41374.7264832205,40866.298239084346,1.9140520974296449,2.8670441477867823,24,2025-06-13
2025-06-14,39870.31375,39203.96908300004,39120.60298300802,2.1649518358844753,2.0681809904865918,24,2025-06-14
2025-06-15,35739.64875,34851.99890713074,35546.65282714181,2.4302956345117317,1.1978686391404592,24,2025-06-15
2025-06-16,40331.21791666667,38685.02372575273,38939.798334108506,3.8772473046649893,3.4215632068588224,24,2025-06-16
2025-06-17,41726.33666666666,41112.256202063596,40471.90785626145,1.8174810129069208,3.3214600621161043,24,2025-06-17
2025-06-18,42281.02375,41923.61412888148,41961.69493591172,0.9655896800872704,1.3562439731729778,24,2025-06-18
2025-06-19,43173.129583333335,42804.43253318465,43156.32141846707,0.8802526913645646,0.8976312253571143,24,2025-06-19
2025-06-20,43200.10958333333,43194.562318801545,43141.31464755114,0.6277593195050868,1.2360518765802184,24,2025-06-20
2025-06-21,41224.58708333333,41214.6779613343,40751.762145032066,0.7640656825923356,1.188316962328382,24,2025-06-21
2025-06-22,36622.71375,37171.30461250673,36040.64300876601,1.618846992393977,1.6191400596813048,24,2025-06-22
2025-06-23,41811.80458333333,40976.7025815369,41165.73464376623,1.9244425300077417,1.860871558724222,24,2025-06-23
2025-06-24,43395.35875,43170.48304734927,43152.877654913646,0.6219275413796054,1.439729919844513,24,2025-06-24
2025-06-25,44509.9675,44057.33157999965,43986.94524210933,1.108253623171209,1.6265461062919806,24,2025-06-25
2025-06-26,45627.11875,45140.0163958461,44789.802983808004,1.2728772050666268,2.0418642754864766,24,2025-06-26
2025-06-27,46175.09583333333,45060.55608050039,44493.90975157419,2.3851275726036314,3.682827698707378,24,2025-06-27
2025-06-28,44045.02958333333,43268.037618932874,42093.9279786845,1.7272139548992778,4.3848209124970765,24,2025-06-28
2025-06-29,38697.5475,38974.166612556925,38355.815062135014,1.6063747863151858,1.0930559697456974,24,2025-06-29
2025-06-30,42599.29916666667,43207.909381333484,42770.44424207816,1.6689984022786464,1.4403124827906726,24,2025-06-30
2025-07-01,44774.918333333335,44405.48514916245,44403.14041043239,0.9446394117649177,1.2206062784373275,24,2025-07-01
2025-07-02,44867.12125,44608.345114118616,44082.01107555049,1.0031285950000892,2.394938578702509,24,2025-07-02
2025-07-03,44062.329999999994,44786.10003683186,44591.54807357335,1.5869457202211816,2.2074580440165583,24,2025-07-03
2025-07-04,43783.324166666665,43932.53361400113,44664.826034518344,0.6380498812075833,2.075646378530919,24,2025-07-04
2025-07-05,42089.775,42220.23264598511,41870.15895820831,1.1901952872137571,1.573085470582128,24,2025-07-05
2025-07-06,39110.106250000004,38256.88842120408,37121.931206265544,2.101778044086503,4.980413626683089,24,2025-07-06
2025-07-07,45816.29791666666,44981.7417571292,43785.98900295131,1.810590922950083,4.406103508186733,24,2025-07-07
2025-07-08,47537.79583333333,47221.436134840456,46625.60485673874,1.0839179659004492,2.16609243844,24,2025-07-08
2025-07-09,48184.715,48180.041419579145,47861.21258332158,0.6145766249497736,0.76485041015225,24,2025-07-09
2025-07-10,47960.605833333335,47638.345895686194,47525.259288652895,0.7623017768243875,1.2227555067070117,24,2025-07-10
2025-07-11,47467.13791666667,47473.386209163495,47327.06690899368,0.8555271427862484,1.3964834345858905,24,2025-07-11
2025-07-12,45795.84666666667,45211.95603555468,45368.04789864493,1.2927630489374147,1.0250555586334595,24,2025-07-12
2025-07-13,41679.91583333333,41926.66259194942,41587.00026600005,0.8615721324264505,0.7703122021460951,24,2025-07-13
2025-07-14,46447.71,46944.71191311074,45901.495276130176,1.3210926738630484,1.3429778182644858,24,2025-07-14
2025-07-15,44475.457083333335,45574.755470888435,44941.83459951798,3.275114629990483,2.3059281875962623,24,2025-07-15
2025-07-16,47532.144583333335,46478.54048689592,47332.88927459122,2.2831594329272877,1.3497319866519122,24,2025-07-16
2025-07-17,48506.392916666664,48002.16548371915,48109.956158244655,1.194444087866598,1.4750182983859597,24,2025-07-17
2025-07-18,48605.292083333334,47762.26199984023,47581.431222374864,1.7316383787978806,2.112028624513225,24,2025-07-18
2025-07-19,45704.81541666667,46284.38808792181,45605.552116065934,1.9668457425465562,1.4395679477934913,24,2025-07-19
2025-07-20,41671.497083333335,41784.869463695206,42661.39942601965,1.0921106755051364,2.437585701008576,24,2025-07-20
2025-07-21,48255.48291666667,48125.835419953575,47735.65049609076,0.9394407145446747,1.456615251090529,24,2025-07-21
2025-07-22,49964.66458333333,49641.52245467221,49660.63855103811,1.1171920642006636,1.1409333249622222,24,2025-07-22
2025-07-23,50970.549999999996,50598.98890523699,50494.13145581658,1.0181782285650076,1.1345111989045826,24,2025-07-23
2025-07-24,51733.41583333333,50922.679536940115,51178.641300939234,1.7178320330684678,1.6151639913429205,24,2025-07-24
2025-07-25,51715.34375,50426.825293463975,50076.223315074625,2.4207706638535886,3.104279399431342,24,2025-07-25
2025-07-26,49158.28541666667,48018.75018635044,47036.890546244096,2.3434762716490654,4.289084497303655,24,2025-07-26
2025-07-27,45336.28,44169.764038593385,43155.9489171033,2.5376668388696557,4.788262712182717,24,2025-07-27
2025-07-28,50824.93375,49850.90523043567,48886.119506814364,2.399011119044614,3.647401377187991,24,2025-07-28
2025-07-29,51850.96125,50321.495250811386,49805.31669424,2.875314310609817,3.8889128196321843,24,2025-07-29
2025-07-30,51611.64875,50501.650902218884,50215.672090275264,2.0575015269413126,2.642104806860402,24,2025-07-30
2025-07-31,50889.23,50835.10947429621,49559.90278412263,0.73423501438931,2.5339777046702974,24,2025-07-31
2025-08-01,49259.94041666667,49751.5889893566,49990.83184924648,1.2736538986601675,1.4991890127403227,24,2025-08-01
2025-08-02,46693.00375,46926.59576643463,47048.724772585825,1.1936140616514892,1.0549394378429917,24,2025-08-02
2025-08-03,42140.018749999996,43313.25560355996,42556.977658478645,2.9350597759384045,1.6607510459390007,24,2025-08-03
2025-08-04,47462.895416666666,47628.838620153845,48365.36493088521,1.3664938556151205,2.3472458744933102,24,2025-08-04
2025-08-05,49157.22375,49083.97057579531,49687.99505734726,1.1651938229552286,1.5543019457397547,24,2025-08-05
2025-08-06,50033.332916666666,49828.55503772433,49933.993575612585,0.9883690360097909,1.0404871624570788,24,2025-08-06
2025-08-07,49772.10333333333,49785.006685818844,49411.31264336782,0.8370484227799051,1.0510215993290541,24,2025-08-07
2025-08-08,49924.200000000004,49282.877236735854,48942.07986127944,1.4184276659476662,2.029829099334992,24,2025-08-08
2025-08-09,47804.698333333334,47653.40363289018,46614.69403475556,1.022835934174993,2.5056641563591624,24,2025-08-09
2025-08-10,44315.65208333333,44026.014995581005,43351.052924631855,1.2694531737491104,2.194163463685405,24,2025-08-10
2025-08-11,49277.855416666665,49082.303591001364,48196.36785739113,1.1939817895750913,2.297795405694195,24,2025-08-11
2025-08-12,50047.03166666667,49871.759495506856,49398.50228087877,0.7213968425406653,1.2799401923506606,24,2025-08-12
2025-08-13,49957.68083333334,49727.42237694122,49812.21759405794,0.9876049693327262,1.2892298634004138,24,2025-08-13
2025-08-14,49650.09916666666,49651.64619265435,49251.56973893204,0.5827455125714815,0.9269157719089108,24,2025-08-14
2025-08-15,48897.22416666666,49182.57115779735,49111.06909302884,0.7911669374213267,0.8514076252783562,24,2025-08-15
2025-08-16,45679.207083333335,46288.096579226694,46365.92605450668,1.4259393127345807,1.5157695049062614,24,2025-08-16
2025-08-17,41449.78958333333,41700.62322132843,42187.7892904354,1.2889049534521657,1.950270920552683,24,2025-08-17
2025-08-18,46847.785833333335,46501.854739115,46757.680799771035,1.039386519419559,0.8855263053719638,24,2025-08-18
2025-08-19,47693.611666666664,47413.667522422904,47360.06935546655,0.8549262442518822,0.9474219976811856,24,2025-08-19
2025-08-20,47660.215,47267.41183022173,46952.286988285276,1.1195117390724156,1.632047721506937,24,2025-08-20
2025-08-21,47565.580416666664,47302.95056762243,47319.14576545745,0.883516491637402,0.8879477500470165,24,2025-08-21
2025-08-22,47566.7725,47409.85488090832,47746.29518422631,1.0164723330483245,1.0459176019758154,24,2025-08-22
2025-08-23,45569.638750000006,45240.13762817884,44809.780413533794,1.3264153902974913,1.694999611349689,24,2025-08-23
2025-08-24,41227.22416666667,41386.17216964175,41243.39964986236,0.7526052301704934,0.9948212600168133,24,2025-08-24
2025-08-25,45554.568333333336,45307.33935333351,45618.59560247861,1.1154840336207978,0.7855028565510792,24,2025-08-25
2025-08-26,46351.239583333336,45771.091969278,46337.72518701129,1.2767434959394428,0.7106178316756004,24,2025-08-26
2025-08-27,46145.905,45897.99263411224,45829.05897135378,1.3458568526429107,1.0581708090967437,24,2025-08-27
2025-08-28,46371.82874999999,45680.92769505555,45167.8264547716,1.4190051163453843,2.5223164758449523,24,2025-08-28
2025-08-29,45761.947916666664,45339.43755092215,44838.83510649763,1.0957429709950712,1.964908067144542,24,2025-08-29
2025-08-30,40992.175833333335,41209.04179562879,40404.453626398354,0.966102580391631,1.5193371138899898,24,2025-08-30
2025-08-31,38903.43916666667,38109.97547279727,38460.05449612809,2.0552558193006463,1.2910833173930911,24,2025-08-31
2025-09-01,45000.08791666667,43874.04816640773,43183.15527626959,2.571787648253163,3.897270431982117,24,2025-09-01
2025-09-02,46354.434166666666,45445.79968433303,43858.55202230371,1.8859691506180887,5.230725403536694,24,2025-09-02
2025-09-03,46554.15166666667,45345.39866891009,44287.646964511136,2.4393983476125176,4.590575806721006,24,2025-09-03
2025-09-04,46311.763750000006,45945.13108444274,44499.22087740247,1.160638781586684,3.681141883266322,24,2025-09-04
2025-09-05,45866.91291666666,45516.84370847807,44694.268098136126,1.4103003711067734,2.586281619391008,24,2025-09-05
2025-09-06,42438.755833333336,42383.22296876474,42408.48590910821,0.6357484033371131,1.1612477698738526,24,2025-09-06
2025-09-07,37787.06958333334,38756.32400941071,38662.63843868375,2.565562360583135,2.2879815016432863,24,2025-09-07
2025-09-08,42079.145,42488.87991543805,42872.31905602571,1.511707818147389,2.0897961034044115,24,2025-09-08
2025-09-09,43050.22125,43051.05667155315,43620.805667786364,1.1147484904690963,1.5335026853326996,24,2025-09-09
2025-09-10,43335.33666666666,42464.92649531884,42982.13575897584,2.032473720051127,1.3301982067898288,24,2025-09-10
2025-09-11,43293.55416666667,42458.575902689096,42921.41073133892,1.8793649657299458,1.07820234551153,24,2025-09-11
2025-09-12,43398.75666666667,42126.912014998736,42075.52799924336,2.8793262838087412,3.0261904389558896,24,2025-09-12
2025-09-13,41255.51,40068.941735551896,39043.04741062025,2.7943582521498675,5.250631852249575,24,2025-09-13
2025-09-14,37328.95875,36909.4746757058,35784.270548509754,1.3245461872864452,4.177158763687015,24,2025-09-14
2025-09-15,41972.940833333334,41471.09312386004,40802.47368275926,1.6066373417479556,2.602500838503317,24,2025-09-15
2025-09-16,42762.89041666667,42650.69327040282,42251.5821418364,0.5521960151770188,1.2904742890172842,24,2025-09-16
2025-09-17,42630.92875,42488.7443547534,42273.43416110711,0.5529813702696654,0.8975550670015767,24,2025-09-17
2025-09-18,41943.095,42364.038345646586,41852.196928694415,1.014893229343202,0.7374207523742032,24,2025-09-18
2025-09-19,39886.465000000004,41577.03776642383,41988.803001071115,4.237689643265291,5.18629647672974,24,2025-09-19
2025-09-20,37596.98875,38173.96781162815,39476.80967982586,1.6356301291941537,5.026054941376759,24,2025-09-20
2025-09-21,34020.652083333334,34328.476565422425,34778.885717388934,1.4764721483166523,2.2611890999405593,24,2025-09-21
2025-09-22,38790.58583333333,38489.735629118826,38994.39249751075,1.041609984680074,1.0951640350250698,24,2025-09-22
2025-09-23,40385.60958333333,39523.656388106734,39182.76919731303,2.121633774379594,2.8472837193738965,24,2025-09-23
2025-09-24,40639.23333333333,40525.930412576134,39343.32818083456,0.5852011084695399,3.1641093239449223,24,2025-09-24
2025-09-25,40600.14666666667,40409.30391585784,39955.24924058294,0.5878451620595262,1.617513319873099,24,2025-09-25
2025-09-26,40138.28833333334,39597.43071516715,39146.49156788458,1.3782174365612505,2.548821015245907,24,2025-09-26
2025-09-27,37753.46208333333,37973.15055733466,36918.048808623884,0.7551823280671482,2.2314745273775847,24,2025-09-27
2025-09-28,33968.19666666666,34162.827005788284,34176.60580466663,0.939366662866509,0.7402752098569317,24,2025-09-28
2025-09-29,38271.823333333334,38452.464292694494,38253.0650104491,1.4623215856194829,1.2704600478278933,24,2025-09-29
2025-09-30,38914.379583333335,39125.252368693524,39562.36394978625,0.7905222269186609,1.8259699727832392,24,2025-09-30
2025-10-01,38174.79458333333,38479.71502003406,39191.2786378222,1.5752068331210838,2.8133114126436554,24,2025-10-01
2025-10-02,38480.61708333334,38089.98887201865,37954.86546143659,1.1266954147494792,1.6405364220534142,24,2025-10-02
2025-10-03,38718.14958333333,38149.425403766305,37064.266111326455,1.432001195335518,4.114949618127999,24,2025-10-03
2025-10-04,36513.042916666665,36443.579799621024,35657.07609808881,0.7912116831933517,2.258562861561764,24,2025-10-04
2025-10-05,32563.969583333335,32528.095034658952,32178.80644821622,0.7807459467398021,1.344169121954665,24,2025-10-05
2025-10-06,37236.57166666666,36882.768455608355,36473.20167310497,1.0521656109783095,2.022561975595696,24,2025-10-06
2025-10-07,38567.94541666666,38307.344581755046,37898.69427134211,0.8544327121199596,1.786332203114317,24,2025-10-07
2025-10-08,38193.21041666667,38353.50176687673,38065.78794434443,0.6059434289215008,0.5113506368691075,24,2025-10-08
2025-10-09,38380.1075,38306.91241518086,38025.70529189509,0.6084261833026715,1.087590362015593,24,2025-10-09
2025-10-10,37756.52958333333,38174.92266023323,38092.19841719196,1.1802432621371646,0.891934589522558,24,2025-10-10
2025-10-11,36197.13791666667,35933.24181658363,36238.40161209036,1.1606372080159553,0.9080945164589646,24,2025-10-11
2025-10-12,32542.469583333335,32393.226766092645,32238.27095115143,1.0349314074495706,1.4802016074995867,24,2025-10-12
2025-10-13,36634.17125,36703.57928521774,36805.57008006538,1.1386276152453776,1.5354138779674458,24,2025-10-13
2025-10-14,37738.019583333335,37895.113527609654,37825.027152521376,0.9258072312771896,0.8945083469385323,24,2025-10-14
2025-10-15,37839.371666666666,37908.370750893184,38007.04814875401,0.8634429448566364,0.707678082816016,24,2025-10-15
2025-10-16,38175.93208333333,37935.500339035796,37905.80715762486,0.7578628397185786,0.8748478249372367,24,2025-10-16
2025-10-17,38026.902500000004,38010.78416753136,37570.988019658056,0.9858654129566138,1.3105678587005885,24,2025-10-17
2025-10-18,36058.66291666667,36354.13404369813,35798.64302427413,0.8819138859069771,0.9516945898593073,24,2025-10-18
2025-10-19,32800.70333333333,32338.191053666334,32068.049540628333,1.3735983604460529,2.1927293098788097,24,2025-10-19
2025-10-20,37299.479583333334,36785.805617766026,35983.82927218016,1.5117175797417381,3.5488748802039907,24,2025-10-20
2025-10-21,38381.28416666667,38206.48298413236,37570.12979383798,0.8306141643470225,2.0763096230902147,24,2025-10-21
2025-10-22,38366.081249999996,38330.770715268576,37894.390262096924,0.7245589358782941,1.3346161384690385,24,2025-10-22
2025-10-23,38729.40666666667,38604.20979880541,38174.71929235198,0.5724571917152513,1.3828465488002013,24,2025-10-23
2025-10-24,38243.56333333333,38337.624764805536,38216.13346750778,0.6295714299973542,0.8559841428583573,24,2025-10-24
2025-10-25,36145.17083333333,36271.170087572325,36365.039201276544,0.712882007589259,0.994895798999342,24,2025-10-25
2025-10-26,32541.601249999996,32732.980584265402,32741.336213138096,0.7098045095939819,0.7657259143279417,24,2025-10-26
2025-10-27,36192.12875,36648.77609187127,37287.72365078236,1.2861231351134206,2.949687757055779,24,2025-10-27
2025-10-28,35736.200833333336,36968.682333753975,36885.21710830267,3.3598249524160426,3.112428612571732,24,2025-10-28
2025-10-29,33202.22041666667,33813.86972241662,34316.9774953274,2.2417023551834787,3.5172947107871733,24,2025-10-29
2025-10-30,37184.65708333333,36960.747633037274,36415.98967529453,2.112200131396658,2.319028340986213,24,2025-10-30
2025-10-31,37731.815,37434.7869925608,36422.541620605276,1.1296780051192086,3.7174951519683446,24,2025-10-31
2025-11-01,35939.415,35945.62442597432,35638.36570471851,0.5372020550136256,0.8694661658244117,24,2025-11-01
2025-11-02,32588.349166666667,32449.310421438673,32379.931160649896,0.6872701693615739,0.857292884838007,24,2025-11-02
2025-11-03,37217.86875,37049.57351084283,36855.12417486015,0.6042373501651662,1.178994169821381,24,2025-11-03
2025-11-04,38337.75125,37871.776857855286,37497.77486808476,1.2533533920094317,2.1718406167299356,24,2025-11-04
2025-11-05,38513.222499999996,38705.013690559164,38533.09948756178,0.6882005523859801,0.9863955023205433,24,2025-11-05
2025-11-06,38822.92833333334,38861.57124671138,38982.92459830001,0.6653289031500376,0.6871354206699456,24,2025-11-06
2025-11-07,38459.41583333333,38723.314684598176,38830.43905368801,0.8299317335596615,1.0029515172649701,24,2025-11-07
2025-11-08,36272.5225,36467.693788739976,36899.969145049516,0.594743784056091,1.6705212864360555,24,2025-11-08
2025-11-09,32348.86,32832.30883476889,33228.10334693053,1.507484439610252,2.656812729464559,24,2025-11-09
2025-11-10,37337.60041666667,37229.97534397388,37639.81203824987,0.6163629155934848,0.9490928947761684,24,2025-11-10
2025-11-11,38736.1,38499.85270340072,38209.88993476318,1.1390206328298718,1.404000966783971,24,2025-11-11
2025-11-12,38861.32958333333,38555.83212204698,38624.18825678628,1.0492352179445399,0.9574537577085082,24,2025-11-12
2025-11-13,39376.51291666667,38904.412475294936,38728.795781892484,1.2039950729926876,1.6610904246965594,24,2025-11-13
2025-11-14,39332.73458333333,39075.947051551826,38753.67133993119,0.7694004177418609,1.4478620938548434,24,2025-11-14
2025-11-15,37570.53333333333,37064.33082921194,36809.6227734707,1.3119505543855061,1.939606204344624,24,2025-11-15
2025-11-16,33921.105416666665,33579.20915220902,33075.68311839824,1.2437283449146035,2.406363344120641,24,2025-11-16
2025-11-17,38667.22625,38667.61179704416,38328.18310868831,1.0340194598759682,1.497925153945764,24,2025-11-17
2025-11-18,39363.677083333336,39637.14323046748,39538.63218161502,1.1404638194448058,1.265105821176023,24,2025-11-18
2025-11-19,39577.44666666666,39402.061191140405,39728.66925706219,0.6404691957955814,0.8251211283512099,24,2025-11-19
2025-11-20,39286.76375,39470.882406455086,39547.30056306971,0.9454096041488195,1.0607610316287335,24,2025-11-20
2025-11-21,39409.150416666664,39193.015862977074,39550.867937169205,0.7778327565257128,0.8456374605207987,24,2025-11-21
2025-11-22,37250.14916666667,37523.07640324288,37290.70447684726,0.8399134456529177,0.7238359985960394,24,2025-11-22
2025-11-23,33625.43458333333,33530.58100188851,33401.177782503895,0.6139792032280954,1.0079116476266257,24,2025-11-23
2025-11-24,38724.6,38470.244004328095,38608.768822338454,0.9441690772033131,0.6550820630444331,24,2025-11-24
2025-11-25,40031.65625,39716.43295399985,39828.202902877594,1.0715021040253572,0.8597013370264519,24,2025-11-25
2025-11-26,40177.835,39865.8124312663,39884.32193107947,0.9996943813045333,0.9771395332313659,24,2025-11-26
2025-11-27,40174.996250000004,39892.97954746755,39950.44082441859,0.8193019277935433,0.6845559290140759,24,2025-11-27
2025-11-28,40021.3275,39926.60041157294,39613.67566712273,0.6415358086747581,1.0070320585083519,24,2025-11-28
2025-11-29,38249.08,38001.966762394535,38032.62114277124,1.088373995336471,1.3138544227884814,24,2025-11-29
2025-11-30,34710.85916666667,34663.10586931235,34263.37291827339,0.7724793932084814,1.443731820802424,24,2025-11-30
2025-12-01,39940.62541666667,39608.3291978829,39275.380008093416,1.1107064616391245,1.7358925529308762,24,2025-12-01
2025-12-02,41287.255,40804.68474714568,40333.17421503561,1.1640324961907806,2.2367019588581365,24,2025-12-02
2025-12-03,41436.53833333334,41139.864049387674,40544.60334665127,0.8325846663432469,2.1226113479276245,24,2025-12-03
2025-12-04,41858.19875,41242.29189298093,40554.925346835495,1.3774755114304371,2.9407304140146593,24,2025-12-04
2025-12-05,41575.79916666667,41398.0161784586,40572.35430178694,1.065521230517565,2.400709623320233,24,2025-12-05
2025-12-06,39348.50708333334,39019.32419515917,38482.46783627984,1.0850954892735876,2.1141390645960247,24,2025-12-06
2025-12-07,35391.40375,35366.02561276357,34983.2827636177,0.8584307746823506,1.3284572966941999,24,2025-12-07
2025-12-08,40919.948333333334,40792.69971614796,40431.966530086385,0.5365003731919007,1.203170881381234,24,2025-12-08
2025-12-09,42191.229583333334,42063.57948636804,41670.7383491202,0.9225440422028751,1.3528330578763441,24,2025-12-09
2025-12-10,41917.96875,42307.45150034898,41826.52163544129,1.2815379378756384,0.897657797419449,24,2025-12-10
2025-12-11,42402.26,41932.24778342488,42023.273850285266,1.2850341483410854,1.1124911807968223,24,2025-12-11
2025-12-12,42082.36625,41875.60816477304,41781.794292000624,0.9368798303835836,1.1893909200898214,24,2025-12-12
2025-12-13,39813.369166666664,39429.35718239375,39531.51176839925,1.4481780549712904,1.683531932847058,24,2025-12-13
2025-12-14,35917.40625,35658.48325541414,35461.161404237406,1.6762474524137805,1.8955414067060385,24,2025-12-14
2025-12-15,42004.39208333333,41556.013146155616,41144.283797483484,1.0936113378691064,2.026724069993012,24,2025-12-15
2025-12-16,43179.145,42918.316079717246,42654.46159079206,1.1773671179868161,1.3776841064043397,24,2025-12-16
2025-12-17,42822.441666666666,42717.299525423456,42633.55410083997,0.8246407670251582,0.925058500446219,24,2025-12-17
2025-12-18,43119.66916666667,43019.20574010734,42885.17241389149,0.6184109463654686,0.8001760686473104,24,2025-12-18
2025-12-19,42625.6925,42517.382188166834,42678.05095234805,0.8241279009608115,0.8826405826969639,24,2025-12-19
2025-12-20,40445.9125,40184.27959778413,40070.024849511006,0.9556686502608072,1.0128431258798425,24,2025-12-20
2025-12-21,36797.03166666667,36179.98733827483,36008.77512031313,1.651697203605839,2.1193051523010293,24,2025-12-21
2025-12-22,42086.449166666665,42282.185059948846,41766.48836664794,1.2467206898142624,1.1993788670757826,24,2025-12-22
2025-12-23,43193.32083333334,42888.02408298045,42899.4939175688,0.7595715701200336,0.8363688006481979,24,2025-12-23
2025-12-24,42580.50166666667,42481.28972082619,42511.89974145189,0.5862142468182051,0.6952168381857854,24,2025-12-24
2025-12-25,42900.308750000004,42682.86070065151,42633.16578389067,0.8476275450352274,1.0744957601065896,24,2025-12-25
2025-12-26,43064.43583333333,42397.590738389095,42393.57933782193,1.506044713945274,1.559320457653954,24,2025-12-26
2025-12-27,41388.16625,41033.53025191559,40415.6734432841,1.6797169944290686,2.2553379524778774,24,2025-12-27
2025-12-28,37521.872083333335,37723.25861761536,36963.053021310494,1.6135459717805747,1.5055288593685399,24,2025-12-28
2025-12-29,42906.6675,42632.588401704015,42536.804044230696,1.2572285720813425,1.0642731241223717,24,2025-12-29
2025-12-30,43058.605833333335,43315.308479013685,42734.67705559939,0.9529051939271413,1.0198205180396367,24,2025-12-30
2025-12-31,41352.71916666667,41420.27294787629,40620.58106486704,3.993216470434479,4.213957890733627,24,2025-12-31
2026-01-01,35965.332916666666,37207.99094294029,36440.95020479701,7.461812220699531,4.9659820541043285,24,2026-01-01
2026-01-02,41923.885,40843.90701270788,41146.66652122946,2.8196276050410467,2.6415624367939725,24,2026-01-02
2026-01-03,40902.67166666667,40849.07479316189,39952.4837815803,0.9278708501237846,2.3695407516380818,24,2026-01-03
2026-01-04,36691.56458333333,36725.33506739058,36563.74133884369,1.0216987116458633,0.8028899564742803,24,2026-01-04
2026-01-05,42157.43958333333,41593.37541857883,41519.25137952972,1.3356842702752274,1.4303029831903442,24,2026-01-05
2026-01-06,42764.698333333334,42651.56215196895,42119.995980105734,0.6772656856462355,1.5623158584656107,24,2026-01-06
2026-01-07,42270.80541666666,42285.68564009831,41639.854097596,0.7742499548256719,1.6308412100509015,24,2026-01-07
2026-01-08,42781.042083333334,41688.893101243746,41359.140870743504,2.450824094806554,3.1981111542065084,24,2026-01-08
2026-01-09,43410.137500000004,43570.69499424209,42980.53384632253,0.6212985144976715,1.148445869623009,24,2026-01-09
2026-01-10,40821.04958333333,41809.6395194396,42013.110309870244,2.3614256676179948,2.875893370850081,24,2026-01-10
2026-01-11,37153.06458333333,37162.741703429136,37817.06979624531,0.5770749426001617,1.7843468505857552,24,2026-01-11
2026-01-12,44014.77333333334,43147.77066663709,42778.17148748732,2.2763791879701856,2.568439757238282,24,2026-01-12
2026-01-13,45304.855,44080.26415183511,44525.381338951025,2.5507047691802156,1.6485715191215469,24,2026-01-13
2026-01-14,45506.277916666666,43961.185739609915,43925.07195956341,3.224520130515881,3.3048014601839637,24,2026-01-14
2026-01-15,45041.137500000004,43709.8905841782,43306.55395830815,2.8140591206157155,3.720895014289136,24,2026-01-15
2026-01-16,44491.8225,43758.46542550723,43569.17243841568,1.8167465036638462,2.2081651802907065,24,2026-01-16
2026-01-17,42655.24208333334,41707.930181200194,41744.37877566644,2.1515894083958065,2.0870677381854286,24,2026-01-17
2026-01-18,38642.815833333334,38277.97052888008,37684.19673017819,2.0323522582708713,2.69423426185033,24,2026-01-18
2026-01-19,45183.62291666667,44341.71908658781,43670.26415782107,1.7721794231599397,3.162319344265853,24,2026-01-19
2026-01-20,46034.93916666667,45593.731410540415,45179.76720901264,1.1980503340663016,2.071337218410897,24,2026-01-20
2026-01-21,46631.71625,45080.26943719856,45132.680062086176,3.0952563289599784,3.0268652774505718,24,2026-01-21
2026-01-22,46056.43791666667,46292.3727062403,44707.0656196386,2.2368826844322185,3.00444864981765,24,2026-01-22
2026-01-23,44255.78166666667,44981.53613877739,45164.79934292149,1.7735232250768211,2.1363611281883506,24,2026-01-23
2026-01-24,41799.372083333335,41951.00655267353,42015.5397292896,0.6638321197740632,1.1257370781707894,24,2026-01-24
2026-01-25,36711.29083333333,37454.33728992678,37681.594756147424,2.130924980017341,2.7641433982452237,24,2026-01-25
2026-01-26,41962.77166666667,42907.37501568584,43748.48718493752,2.1911513751186393,4.098980577363999,24,2026-01-26
2026-01-27,43051.9825,43675.56786803438,44693.737759958574,1.491290783028779,3.8136791439104543,24,2026-01-27
2026-01-28,42738.03,43862.45178638248,44281.735907630915,2.6150550961646197,3.5729013081262457,24,2026-01-28
2026-01-29,42552.409583333334,42990.2105423121,43900.85526205526,1.059023236086521,3.0817029601464516,24,2026-01-29
2026-01-30,42424.30375,42087.111085266726,42514.74710302208,1.056779442636359,0.8576471456772681,24,2026-01-30
2026-01-31,40402.910416666666,40573.306909318984,40659.139435158,0.8545055569537637,0.9483722418360484,24,2026-01-31
2026-02-01,36050.375,36408.62150094615,36631.27143582501,1.2155766954323528,1.646854621698907,24,2026-02-01
2026-02-02,42001.644583333335,42020.18336551064,41598.57292831839,1.1684082534954168,1.3100362051443015,24,2026-02-02
2026-02-03,43106.23666666667,43465.81931226288,43399.45267071235,0.9747740170038748,1.3461372082334122,24,2026-02-03
2026-02-04,42632.655,43171.15423558504,43302.64949196521,1.3915400897370047,1.7142985565238045,24,2026-02-04
2026-02-05,42657.21708333333,42986.17444563606,42710.38704433478,1.0281539446818384,0.9935718695973897,24,2026-02-05
2026-02-06,42323.13625,42519.87311318191,41986.92771333073,0.8281583083700405,0.9949798493938055,24,2026-02-06
2026-02-07,39826.965000000004,39873.38314097704,39949.166336665054,0.5860594389315567,0.6635570732947494,24,2026-02-07
2026-02-08,35747.3725,35506.79925435964,35388.418640352196,0.952423092311113,1.1232679503836727,24,2026-02-08
2026-02-09,41088.61625,41115.51416008298,40983.42426382886,0.7961754093562768,0.7558617246386151,24,2026-02-09
2026-02-10,42991.31,42416.09742381904,42319.57880866972,1.364470814696106,1.5116327372585172,24,2026-02-10
2026-02-11,42523.32041666666,42551.86849733905,41722.20390684621,0.5722320733596631,1.8327563736305539,24,2026-02-11
2026-02-12,42497.06541666667,42269.867980872186,41628.42054634979,1.175611438531382,2.166691196311817,24,2026-02-12
2026-02-13,41968.70375,42149.20331047993,41537.70600053529,0.7250262753051083,1.1358703638447076,24,2026-02-13
2026-02-14,38520.987499999996,39062.1138096032,39190.00209049459,1.595466805660007,1.971363623494418,24,2026-02-14
2026-02-15,33836.28833333334,34366.72382503672,34636.443674497714,1.8468540918588685,2.3343054244479213,24,2026-02-15
2026-02-16,39102.65375,38824.58212290754,39317.94621684342,1.2488092616686395,1.1008803324581407,24,2026-02-16
2026-02-17,41020.556666666664,40769.26643108136,39933.51283798442,0.915588439429995,2.568416649400778,24,2026-02-17
2026-02-18,42458.02875,41765.163411659974,41358.8733622135,1.6859786325059842,2.4900467267847497,24,2026-02-18
2026-02-19,41957.440416666665,41848.59320461816,41066.01917463017,3.2129488553983765,2.5504853142801616,24,2026-02-19
2026-02-20,40886.23625,40776.76408721012,40765.8745351432,2.173898666572184,3.420680439973679,24,2026-02-20
2026-02-21,39225.712916666664,38038.00146084446,38185.64501903128,3.6800554529977525,3.6658332354362724,24,2026-02-21
2026-02-22,35987.167083333334,35056.58434084036,34208.743816681774,3.0448065156809396,4.889092001024479,24,2026-02-22
2026-02-23,41085.591250000005,40690.737993063434,40332.24121475229,1.4737536098786148,2.5016027476725378,24,2026-02-23
2026-02-24,41389.875,41571.209305860975,41333.94715310961,1.7593980464814365,1.955099482463016,24,2026-02-24
2026-02-25,42565.113333333335,41719.84329504345,41981.61881633657,2.150259792395155,2.012993427385005,24,2026-02-25
2026-02-26,43292.12375,42783.409506171076,42883.197532340295,1.8498974810972577,1.4219315580385796,24,2026-02-26
2026-02-27,43774.97875,43450.00569554525,43007.9334476932,1.1453671869149418,1.8785339523312228,24,2026-02-27
2026-02-28,41032.568333333336,41294.160980200264,40362.07599399952,0.9939940421178899,1.7654316733004405,24,2026-02-28
2026-03-01,36771.129166666666,37025.797828904906,36886.627450243184,1.4238976783912347,1.0798288620758543,24,2026-03-01
2026-03-02,41294.39666666667,41570.93473338987,40547.42126669449,1.08388167570965,2.8120888558949333,24,2026-03-02
2026-03-03,42220.70125,41372.22274295821,41198.88108030684,1.976483047256008,2.3749455147063077,24,2026-03-03
2026-03-04,41981.1175,41607.20224044943,41239.47533714444,1.1950398332279113,1.7242028251072297,24,2026-03-04
2026-03-05,42004.487499999996,41869.17087560325,41781.42665215721,0.5338543204980389,1.0841260759703963,24,2026-03-05
2026-03-06,41762.347916666666,41247.92352662923,41534.548741691055,1.3733369976424867,1.1813601381433165,24,2026-03-06
2026-03-07,40044.22583333334,39309.96412359829,39306.61754702619,1.8500180558329138,1.8266024287417466,24,2026-03-07
2026-03-08,35873.20416666667,36115.864083181565,35955.81894201479,0.7850173901262228,1.2927558557794552,24,2026-03-08
2026-03-09,40810.4975,40308.3909886498,40260.96844968912,1.735270911756854,2.5828483568049947,24,2026-03-09
2026-03-10,41536.29833333333,41461.21685438019,40531.51543020353,1.0302705282368392,2.72280226266142,24,2026-03-10
2026-03-11,41342.924999999996,41258.37844375151,40793.0585841791,0.7133127095639384,1.4742529104113486,24,2026-03-11
2026-03-12,41678.15125,41564.637039900575,41183.44660300431,1.4196822837972995,1.6463044351537466,24,2026-03-12
2026-03-13,41634.08458333334,41470.87207859047,41611.01939935042,1.1316200450696303,1.2732058430159436,24,2026-03-13
2026-03-14,40147.066249999996,40040.53742392063,40060.77445210102,1.4517043880010398,1.6921322412335655,24,2026-03-14
2026-03-15,36273.229583333334,36271.237500578514,35978.36855231904,1.7015674221123882,2.058152699788627,24,2026-03-15
2026-03-16,40186.558333333334,40892.720970833805,40362.812345728315,1.7184110695758312,1.059396430448088,24,2026-03-16
2026-03-17,40536.33833333333,40796.40096980091,41184.417334849466,1.0344691716492473,1.8423666428019885,24,2026-03-17
2026-03-18,39750.95375,37236.49720434373,35074.22991448554,6.285549797653515,11.734511759171935,24,2026-03-18
2026-03-19,34399.95958333334,35363.41784531721,30795.848299858375,5.3651786604482785,10.560950199329953,24,2026-03-19
2026-03-20,29526.7475,32897.38634547001,29953.151584692372,11.699456593536176,6.325834838019201,24,2026-03-20
2026-03-21,29749.560833333333,30090.378089203627,32716.103589330134,2.3271495421287063,10.13403486543351,24,2026-03-21
2026-03-22,30628.769166666665,30483.58652265576,31624.74549655031,4.682382022103179,4.095790720636759,24,2026-03-22
2026-03-23,39755.09375,37938.73261389003,36302.42602797316,4.480414959750058,8.757662587568566,24,2026-03-23
2026-03-24,41513.03791666667,40889.720792538596,39223.70311493453,1.7827993297625018,5.280281931369253,24,2026-03-24
2026-03-25,41075.480416666665,41163.41825641704,40209.92107961189,1.3094474339581343,2.2939232125618934,24,2026-03-25
2026-03-26,41022.447916666664,41101.06091750575,40032.59247186475,1.1217220476911542,2.653065455419882,24,2026-03-26
2026-03-27,39976.17625,41439.126615195186,40320.859442688256,3.5773598527123034,1.5012243301448824,24,2026-03-27
2026-03-28,38723.83,39977.410509686924,40321.77534516964,3.272554799736275,4.107459236604086,24,2026-03-28
2026-03-29,35641.92291666667,35612.12231041924,35736.10771923358,1.4353433526008252,1.9667988773231533,24,2026-03-29
2026-03-30,40613.75666666667,40850.221609545435,39923.974496490955,1.0389167296161008,2.585871776117709,24,2026-03-30
2026-03-31,40402.565416666665,40872.17418552178,40536.13426254594,1.3607582451212477,0.8881548853787363,24,2026-03-31
2026-04-01,40096.474583333336,39838.29877889725,39933.17026439832,1.4515944110483385,1.1670383317265156,24,2026-04-01
2026-04-02,40594.32083333333,39787.53745985769,38731.090310689404,2.478558899327523,4.3990673724463365,24,2026-04-02
2026-04-03,40350.370416666665,39547.132876138676,38217.905380305645,1.9465391226041904,5.038532421839532,24,2026-04-03
2026-04-04,38146.31958333334,38281.43797962748,37493.67953864174,1.1134723390532713,2.202979560064176,24,2026-04-04
2026-04-05,33831.067083333335,34475.50364949923,34233.621906131164,2.38764977083661,2.297457338435171,24,2026-04-05
2026-04-06,37756.32041666667,38167.325747110786,38576.80585755429,1.571919352179634,2.5200090171875864,24,2026-04-06
2026-04-07,38778.96708333333,38480.094827637884,39097.52736365673,1.1088297860057852,2.3650164146285526,24,2026-04-07
2026-04-08,39438.06083333333,38725.4704479172,38727.94340327217,1.8448397369881413,1.8891629005453732,24,2026-04-08
2026-04-09,40248.56375,39576.45106294288,39543.38891626007,1.9088744780746072,1.7519469910263572,24,2026-04-09
2026-04-10,40570.841250000005,40286.649034254304,39651.778727527046,0.7834325387315925,2.2869521688503727,24,2026-04-10
2026-04-11,38779.15083333333,38817.17079807554,38394.71519038395,0.6741222904079768,1.0507390096018032,24,2026-04-11
2026-04-12,34576.93708333333,34900.922997377216,34968.540553774925,1.4599660736206983,1.9050313539225698,24,2026-04-12
2026-04-13,39025.72791666666,38908.72291114726,38668.28815606718,0.9636674072318256,1.2628342549551328,24,2026-04-13
2026-04-14,39875.199583333335,39735.94063272153,39687.12074194414,0.5755162634329317,0.767651438708596,24,2026-04-14
2026-04-15,38757.09875,39575.772055686706,39310.64957535701,2.0974499524142103,1.5297116098390704,24,2026-04-15
2026-04-16,38907.01375,38986.63362336107,39228.30061400224,0.8361151933594632,1.2340144865562261,24,2026-04-16
2026-04-17,38927.6925,38914.877405157335,39049.9482014449,1.06756422904166,1.7385492035317058,24,2026-04-17
2026-04-18,37363.32208333333,37230.91206520583,37254.05605834558,1.1871130336330638,1.7649591750439722,24,2026-04-18
2026-04-19,33675.42958333333,33555.67890206888,33184.47204797116,1.062656141889821,1.937243365165144,24,2026-04-19
2026-04-20,37805.635,37973.02626545186,37291.49352877559,0.8525909969199792,1.6635854278267805,24,2026-04-20
2026-04-21,38291.87583333333,38797.7673560678,38879.62231023302,1.4107798080477274,1.6485498640396976,24,2026-04-21
2026-04-22,39081.393749999996,38284.71394444257,38337.25245990846,2.030365657354697,1.98113544609565,24,2026-04-22
2026-04-23,36043.97875,35988.13982904491,34735.083838832084,0.935285706686602,3.5326346043595755,24,2026-04-23
2026-04-24,37680.878749999996,37667.17535637584,38126.08754583944,1.2126425484813421,1.7953718460337018,24,2026-04-24
2026-04-25,35947.027083333334,36574.790621304266,36143.81534322714,2.370437104879541,1.0865241528775338,24,2026-04-25
2026-04-26,32232.667083333334,32571.555301278382,33193.753306540784,1.2007727051038846,2.9650911800385313,24,2026-04-26
2026-04-27,36842.644583333335,36913.627019601474,36965.70428491327,1.2199645016199765,1.1532205618448022,24,2026-04-27
2026-04-28,38136.107083333336,38003.1567760109,38254.71445943272,0.704370493936815,0.6899066057571389,24,2026-04-28
2026-04-29,38011.22416666667,38395.01791594776,38403.56664979377,1.2033543857078548,1.166905781870668,24,2026-04-29
2026-04-30,38100.871250000004,37240.17138895872,38036.28308567034,2.2263931036727582,0.8730695655220614,24,2026-04-30
2026-05-01,34835.6775,35343.49726845937,34773.804535536976,2.4841397384675363,1.9391661942637588,24,2026-05-01
2026-05-02,35358.32833333333,34908.76703074526,36513.1309088209,2.197686709162419,3.4412676796899095,24,2026-05-02
2026-05-03,33862.11208333333,32564.744792846745,32223.32893986556,3.6875411172235153,4.603342862277205,24,2026-05-03
2026-05-04,39563.03,38455.85835894434,37616.337852327495,2.6273836286391465,4.7880473916763435,24,2026-05-04
2026-05-05,39860.85041666667,39991.16971006523,38986.77499753615,1.2486141884062831,2.231104839003202,24,2026-05-05
2026-05-06,38863.71916666667,39122.128412418846,38971.909520807785,1.6458153462258316,1.526265846353725,24,2026-05-06
2026-05-07,38495.51833333333,38502.136043470084,38245.155253358615,0.7658984602092535,0.7933101391590891,24,2026-05-07
2026-05-08,38288.44625,37981.36700314561,38176.512162931285,0.8914200551706273,0.9125436283740588,24,2026-05-08
2026-05-09,36838.93916666667,36974.29161820451,36357.73559291124,1.1256165068898956,1.3810150754458093,24,2026-05-09
2026-05-10,32761.647500000003,33920.72012099709,34375.43194107259,3.634638575602393,4.853461955256301,24,2026-05-10
2026-05-11,37458.67791666667,37499.75334061732,38410.99595995223,0.7549831862570612,2.662806568071866,24,2026-05-11
2026-05-12,38624.69541666666,38631.22685268666,38701.06113140204,0.8868450818700637,1.0231791821364329,24,2026-05-12
2026-05-13,38753.42416666667,38614.13688714265,38186.90623068632,0.6659815963513541,1.8063241302163522,24,2026-05-13
2026-05-14,39070.84916666667,38732.33465620637,38369.30488260199,0.9314922416056906,1.733101029301854,24,2026-05-14
2026-05-15,38948.056666666664,38441.41498149481,37976.609536815835,1.2986126236952327,2.4793294430383788,24,2026-05-15
2026-05-16,37470.1675,36887.23265128346,36854.62865563957,1.550263025956882,1.6448668865713219,24,2026-05-16
2026-05-17,33877.76125,33687.06024418617,33786.68280109284,1.0699362765862295,1.4995706507303275,24,2026-05-17
2026-05-18,37941.918750000004,37792.75452063789,37544.18296909973,1.0114467216253706,1.262703333501091,24,2026-05-18
2026-05-19,36793.388333333336,36044.37807258317,36201.252369763904,2.100576735221846,2.144309228370522,24,2026-05-19
2026-05-20,38939.99208333333,38726.43874824981,38625.26616655793,1.0099369438527332,1.0042700206415318,24,2026-05-20
2026-05-21,39143.4925,39223.34315035312,38669.498400274955,0.7093129656885687,1.1897159092370264,24,2026-05-21
2026-05-22,38330.200000000004,38969.99697416593,39032.361359414506,1.7803409501920608,1.971170897433434,24,2026-05-22
2026-05-23,36402.425833333335,36871.664821483406,37376.08467200694,1.3087307579711909,2.6688971247869255,24,2026-05-23
2026-05-24,32763.285,32503.468447075884,32947.459862010444,1.943905910834464,1.9784375775804595,24,2026-05-24
2026-05-25,33174.73333333333,35860.35629470585,36906.28824137626,7.98937037605727,11.04934622820783,24,2026-05-25
2026-05-26,30117.802083333332,31436.502529291636,33156.272705579984,4.682570841401823,10.134251818152245,24,2026-05-26
2026-05-27,26368.627083333336,27472.515841721735,27646.52404490116,4.745392521510554,4.8869326720008885,24,2026-05-27
2026-05-28,27107.989166666666,26510.90827056952,26801.775886779287,2.4424003831438976,3.1971774929317234,24,2026-05-28
2026-05-29,27495.05083333333,26368.285443203233,26437.34937228892,4.097617642209683,4.199048575932964,24,2026-05-29
2026-05-30,28307.456666666665,28826.015373504877,28297.777379210933,3.1890722501571727,1.6032182234326822,24,2026-05-30
2026-05-31,29950.7675,30537.628608397907,30105.043541463052,2.897321671798332,2.1812477383828175,24,2026-05-31
2026-06-01,36635.765,34541.45757758163,36024.220034010264,5.537436493856963,2.2029245895068787,24,2026-06-01
2026-06-02,38823.50958333333,38222.975081141965,36304.62919790034,2.3646742528816223,6.6245721830094455,24,2026-06-02
2026-06-03,39406.01833333333,40438.16104367828,40254.88335727477,2.5588633216889085,2.4109555942680974,24,2026-06-03
2026-06-04,40043.4775,41022.45235668056,41032.13264303323,2.452942669213465,2.4005728268728714,24,2026-06-04
2026-06-05,40334.42375,40812.43084788544,40751.96137754349,1.6916496332263924,1.7765756525706127,24,2026-06-05
2026-06-06,38312.168750000004,39091.32746029054,39066.8516352338,2.0231875993072665,1.9695720222253799,24,2026-06-06
2026-06-07,34956.29875,35287.669655327496,35584.78881973121,1.3732527571273205,2.0781020898558666,24,2026-06-07
2026-06-08,40212.26875,39647.09231380537,39545.53514482488,1.5568279088607087,1.859591666182632,24,2026-06-08
2026-06-09,41109.300416666665,41199.652081998385,41109.28559761878,0.7661093690444011,0.595994660374595,24,2026-06-09
2026-06-10,41280.965000000004,41004.60355666979,41178.386308095636,0.8246519388538845,0.6898478266126474,24,2026-06-10
2026-06-11,41613.950000000004,41438.055486411526,41289.30920641522,0.6604174131811801,0.9141013145708117,24,2026-06-11
2026-06-12,41662.559583333335,41509.34003736915,41249.49536973268,0.8100901442649496,1.0101969668012536,24,2026-06-12
2026-06-13,38813.30541666667,39057.70688504118,38988.79105911291,0.9569925498935264,1.22214047083349,24,2026-06-13
2026-06-14,34294.730416666665,34927.92329748308,35330.81309201889,1.9762888752823453,3.0399899625407865,24,2026-06-14
2026-06-15,40093.07,39968.3330149139,40321.51789601621,0.7205346491752036,1.220700711360629,24,2026-06-15
2026-06-16,41960.95958333334,41718.724158901205,41540.41878333334,1.0398713692708148,1.1053721760828257,24,2026-06-16
2026-06-17,42775.75708333334,42476.966823576615,42043.43543628656,0.9226172506003595,1.6577598699943072,24,2026-06-17
2026-06-18,42805.47083333333,42894.34481870591,42426.608096147684,1.167911936039583,1.399671672263992,24,2026-06-18
2026-06-19,41620.5525,42372.69903484649,42085.9492948544,1.8826158387881797,1.594206067126451,24,2026-06-19
2026-06-20,39664.068333333336,39523.39209214028,40374.48588747271,0.6491725227292103,1.7964260592683825,24,2026-06-20
2026-06-21,36127.957083333335,35607.18164614935,35918.99186188225,1.4315367875115488,0.9689304169392123,24,2026-06-21
2026-06-22,42262.676666666666,42010.427063831165,41383.43384892112,0.78187248082699,2.104719955125448,24,2026-06-22
2026-06-23,43332.99916666667,43482.40093850354,43164.38295633289,1.0460874792969193,0.9860842097399147,24,2026-06-23
2026-06-24,43810.88958333334,43740.72632365625,43999.11655333301,0.9304778870038873,1.0256247504263583,24,2026-06-24
2026-06-25,45104.00625,44367.70722923292,44358.4782714225,1.5798942917928998,1.5788940352354368,24,2026-06-25
2026-06-26,45513.277916666666,44955.686449359775,44629.756857308246,1.263124073829814,1.9572125122982011,24,2026-06-26
2026-06-27,43397.29791666667,42727.039976046806,42495.068777568806,1.4927193526443727,2.043868951863994,24,2026-06-27
2026-06-28,38752.19666666666,38547.80259813969,38502.32226777825,1.1574477111856807,1.235669755516666,24,2026-06-28
2026-06-29,44780.92458333333,44513.74477048321,44299.523021478344,0.8968536844685436,1.346542805440144,24,2026-06-29
2026-06-30,47011.57541666667,46336.14878641447,46350.81642329344,1.4212276953870786,1.505426425866078,24,2026-06-30
2026-07-01,47468.29833333333,47100.633617278065,46937.07812681446,1.459476000818719,1.5472594886094722,24,2026-07-01
2026-07-02,48172.520833333336,47693.21802457683,47095.884062931924,1.4123031452632187,2.2532321312036645,24,2026-07-02
2026-07-03,48202.704999999994,47644.77879306689,47175.21497029131,1.4006487905447254,2.1306285593959697,24,2026-07-03
2026-07-04,45453.53416666667,45281.59219377195,44390.72778427076,1.9589647163211519,2.6081529567755877,24,2026-07-04
2026-07-05,40293.61,40146.55725726114,40022.75499595988,1.7254573998440905,2.022126714188353,24,2026-07-05
2026-07-06,45299.84958333333,45383.19289505279,44748.012529316475,1.5618138601346976,1.8525464669631297,24,2026-07-06
2026-07-07,46299.799999999996,46691.30150491006,46481.12756413888,1.415044576236304,1.325596927555199,24,2026-07-07
2026-07-08,46660.02916666667,46634.74878176762,47126.09325695197,0.857507347630532,1.365937967625129,24,2026-07-08
2026-07-09,46959.643749999996,46529.59748417127,46765.810451355916,1.3691830063055868,1.2988769392099875,24,2026-07-09
2026-07-10,46798.68041666667,46215.260276737485,46273.412334326036,1.240182336809573,1.1088497270101787,24,2026-07-10
2026-07-11,44776.01666666666,44617.87305394409,43996.04286114982,1.134234370454659,1.8210182858469184,24,2026-07-11
2026-07-12,40868.31458333333,40696.63742551917,40327.90911589686,1.2350596022675555,1.493834051323124,24,2026-07-12
2026-07-13,46970.98583333333,46516.17988589624,45960.847001232854,0.989398587077451,2.147246646892455,24,2026-07-13
2026-07-14,47619.53333333333,47127.52000569994,46424.67257399415,1.2138924895225371,2.4962322701736928,24,2026-07-14
2026-07-15,44364.6675,44797.92250604031,43994.21371738435,2.214758716456164,1.6783789211039162,24,2026-07-15
2026-07-16,48483.473750000005,47404.91894602808,47392.10569876808,2.1478361887467132,2.2792626051151816,24,2026-07-16
2026-07-17,48729.125,48653.47679005461,47778.505403347626,0.8367719955743901,1.928051027183863,24,2026-07-17
2026-07-18,46798.47541666666,46858.19589083826,46733.9868206018,0.8953687663897426,0.8838660452225663,24,2026-07-18
2026-07-19,42730.43541666667,42992.461634087944,42522.913578290994,0.9633072960057301,0.8663381825602413,24,2026-07-19
2026-07-20,48941.285833333335,48955.34885973247,48513.60840904808,0.8768023394908,1.1331601308520864,24,2026-07-20
2026-07-21,50347.229166666664,49739.369516483064,49604.13924274193,1.54939474746136,1.6684855242737962,24,2026-07-21
2026-07-22,50967.82750000001,49549.63933273152,49505.32989443952,2.729552762927732,2.824605227742176,24,2026-07-22
2026-07-23,50200.11625,49611.51038841342,48748.3620802967,1.5269533497635195,2.8260578933465212,24,2026-07-23
2026-07-24,48425.02333333334,48654.42042693461,48222.381761487726,1.3154929090952663,1.54706135975052,24,2026-07-24
2026-07-25,44016.16291666666,45440.89820497497,45717.352186269156,3.1767980097714226,3.836720613646861,24,2026-07-25
2026-07-26,39108.93083333333,40352.42786002601,41322.07961121408,3.1999503024785967,5.600467855961728,24,2026-07-26
2026-07-27,45467.435,46323.54360560502,47212.59182996474,2.0827479742738917,3.99432054239578,24,2026-07-27
2026-07-28,48108.24333333334,47541.27634067674,48493.09740241384,1.3180945640857278,1.0330268968707625,24,2026-07-28
2026-07-29,47994.910833333335,47526.75186401923,47024.52289218203,1.3262339484917882,1.9498255273266,24,2026-07-29
2026-07-30,48017.63166666666,47288.91303569454,47452.78938928292,1.4576638925251233,1.3067399425480135,24,2026-07-30
2026-07-31,48049.05416666667,46794.19251801163,46589.13238158443,2.5460857253519253,2.986571598393604,24,2026-07-31
2026-08-01,45961.99875,44760.84748814589,44222.60919789577,2.644816680894486,3.8707035312238625,24,2026-08-01
2026-08-02,42300.03166666667,41397.826515822104,40000.461371733356,2.1342834202192917,5.487755955511023,24,2026-08-02
2026-08-03,48526.125,47959.723322562786,47352.1160512676,1.2760610890239459,2.6041711346300165,24,2026-08-03
2026-08-04,49862.651249999995,49679.069328415186,49311.74869220018,0.7269969641989974,1.2957599027721205,24,2026-08-04
2026-08-05,50393.395416666666,49945.830142215396,49892.34893106711,1.0716509843048208,1.2050306453252746,24,2026-08-05
2026-08-06,50798.333333333336,50729.58985221749,49732.1250664209,0.641967156919626,2.0982699840539034,24,2026-08-06
2026-08-07,50575.56083333333,50387.58898955778,49952.82594413512,0.45722539608573287,1.2216960030787778,24,2026-08-07
2026-08-08,48211.34,47533.058913472334,46788.22080727987,1.4596370262948148,2.8160755106871505,24,2026-08-08
2026-08-09,43753.44166666667,43404.44850666801,42416.9819358625,1.1489303791338923,3.0089648296470415,24,2026-08-09
2026-08-10,49833.6025,48463.47206907227,48344.91242862999,2.653611824362321,2.8615060745177385,24,2026-08-10
2026-08-11,50719.83083333333,49757.48359997986,49218.910501076265,1.8677187947144216,2.9622863101566725,24,2026-08-11
2026-08-12,50887.55875,50060.705472656504,49561.87356089018,1.5729566987216057,2.5190459716456717,24,2026-08-12
2026-08-13,51201.67249999999,50142.15538802496,49018.361873315116,1.996547031793722,4.114467479277844,24,2026-08-13
2026-08-14,49725.947916666664,49395.05278832929,48707.09240601177,1.265576922473758,2.1596430927323955,24,2026-08-14
2026-08-15,46153.371666666666,46310.8898589496,46181.030588121306,0.7262390682527314,0.7467004674211145,24,2026-08-15
2026-08-16,41237.909999999996,41252.47720199149,41634.65012507547,0.9867971427248095,1.3145501716297432,24,2026-08-16
2026-08-17,46349.89958333334,46716.35163498844,47100.66835537757,1.40709549250249,1.9580337780470158,24,2026-08-17
2026-08-18,47435.769166666665,,48001.08224376728,,1.3601525724857384,24,2026-08-18
