decision_date,dt,horizon,pred_mw,load_plan_mw,actual_mw
2024-12-30,2024-12-31 00:00:00,1,36736.10223512874,36697.0,35892.28
2024-12-30,2024-12-31 01:00:00,1,34270.91205390793,34729.0,33609.88
2024-12-30,2024-12-31 02:00:00,1,32761.099584291995,33526.0,32105.37
2024-12-30,2024-12-31 03:00:00,1,32275.189890350746,33060.0,31226.03
2024-12-30,2024-12-31 04:00:00,1,31705.714307598635,32973.0,31001.77
2024-12-30,2024-12-31 05:00:00,1,32035.171020309994,33229.0,31192.6
2024-12-30,2024-12-31 06:00:00,1,33412.85108712917,34271.0,32409.68
2024-12-30,2024-12-31 07:00:00,1,36664.420230562384,37325.0,35513.23
2024-12-30,2024-12-31 08:00:00,1,41747.80655207856,44481.0,40849.89
2024-12-30,2024-12-31 09:00:00,1,45028.553204626114,47911.0,43640.3
2024-12-30,2024-12-31 10:00:00,1,45856.8515543212,48588.0,44275.74
2024-12-30,2024-12-31 11:00:00,1,46149.19418816687,48678.0,44208.95
2024-12-30,2024-12-31 12:00:00,1,44642.802352917024,47586.0,42291.71
2024-12-30,2024-12-31 13:00:00,1,44678.70130034935,47615.0,42074.71
2024-12-30,2024-12-31 14:00:00,1,45075.9843203597,47881.0,42190.44
2024-12-30,2024-12-31 15:00:00,1,44957.8467294259,47589.0,41456.93
2024-12-30,2024-12-31 16:00:00,1,45784.342617500275,47619.0,41326.1
2024-12-30,2024-12-31 17:00:00,1,47038.042949760325,48011.0,42680.04
2024-12-30,2024-12-31 18:00:00,1,45931.90435904536,47392.0,42467.2
2024-12-30,2024-12-31 19:00:00,1,43982.8813537912,46438.0,40594.5
2024-12-30,2024-12-31 20:00:00,1,43489.39685166993,45461.0,38417.45
2024-12-30,2024-12-31 21:00:00,1,41646.569255309296,44436.0,36803.04
2024-12-30,2024-12-31 22:00:00,1,40079.03089793549,42933.0,35567.36
2024-12-30,2024-12-31 23:00:00,1,38111.58269422019,41061.0,34362.94
2024-12-30,2025-01-01 00:00:00,2,33761.95391454478,32297.0,32707.51
2024-12-30,2025-01-01 01:00:00,2,32317.486929483683,30678.0,31196.05
2024-12-30,2025-01-01 02:00:00,2,30183.286105888525,28892.0,29674.85
2024-12-30,2025-01-01 03:00:00,2,29540.184440091085,27699.0,28490.58
2024-12-30,2025-01-01 04:00:00,2,28725.53091147544,27015.0,28012.95
2024-12-30,2025-01-01 05:00:00,2,29061.945986924144,26890.0,27879.66
2024-12-30,2025-01-01 06:00:00,2,29961.658088709635,27185.0,28192.02
2024-12-30,2025-01-01 07:00:00,2,31522.246121282384,27415.0,28743.58
2024-12-30,2025-01-01 08:00:00,2,34433.11313300771,28192.0,29101.85
2024-12-30,2025-01-01 09:00:00,2,41208.911455648886,30271.0,30100.08
2024-12-30,2025-01-01 10:00:00,2,42356.42303715202,32491.0,31868.47
2024-12-30,2025-01-01 11:00:00,2,43015.64022111966,34537.0,33388.06
2024-12-30,2025-01-01 12:00:00,2,39495.62181885352,35203.0,34049.89
2024-12-30,2025-01-01 13:00:00,2,40499.48439416027,35794.0,34287.83
2024-12-30,2025-01-01 14:00:00,2,40678.56978219765,35897.0,34141.29
2024-12-30,2025-01-01 15:00:00,2,40718.12223523048,35798.0,34313.83
2024-12-30,2025-01-01 16:00:00,2,43164.587919417165,36570.0,35729.56
2024-12-30,2025-01-01 17:00:00,2,44462.009029432855,38182.0,38584.84
2024-12-30,2025-01-01 18:00:00,2,43264.16784030338,38968.0,40034.18
2024-12-30,2025-01-01 19:00:00,2,42814.69291978061,38447.0,39610.35
2024-12-30,2025-01-01 20:00:00,2,39505.83920459214,37674.0,38912.16
2024-12-30,2025-01-01 21:00:00,2,37569.08327797513,36853.0,38071.58
2024-12-30,2025-01-01 22:00:00,2,36265.30837537546,36302.0,36920.29
2024-12-30,2025-01-01 23:00:00,2,33730.27668034512,34900.0,35384.59
2024-12-31,2025-01-01 00:00:00,1,34532.839089331625,32297.0,32707.51
2024-12-31,2025-01-01 01:00:00,1,32178.869594503536,30678.0,31196.05
2024-12-31,2025-01-01 02:00:00,1,30804.259659920557,28892.0,29674.85
2024-12-31,2025-01-01 03:00:00,1,29939.941073414917,27699.0,28490.58
2024-12-31,2025-01-01 04:00:00,1,29121.017794293286,27015.0,28012.95
2024-12-31,2025-01-01 05:00:00,1,29687.250975260875,26890.0,27879.66
2024-12-31,2025-01-01 06:00:00,1,30703.648991806716,27185.0,28192.02
2024-12-31,2025-01-01 07:00:00,1,33046.14502419607,27415.0,28743.58
2024-12-31,2025-01-01 08:00:00,1,37425.54304544842,28192.0,29101.85
2024-12-31,2025-01-01 09:00:00,1,40597.106064370666,30271.0,30100.08
2024-12-31,2025-01-01 10:00:00,1,41542.229678792464,32491.0,31868.47
2024-12-31,2025-01-01 11:00:00,1,42363.149340769276,34537.0,33388.06
2024-12-31,2025-01-01 12:00:00,1,39758.686098431936,35203.0,34049.89
2024-12-31,2025-01-01 13:00:00,1,40509.25176539335,35794.0,34287.83
2024-12-31,2025-01-01 14:00:00,1,40662.00267835319,35897.0,34141.29
2024-12-31,2025-01-01 15:00:00,1,40676.51775807403,35798.0,34313.83
2024-12-31,2025-01-01 16:00:00,1,41437.035367551754,36570.0,35729.56
2024-12-31,2025-01-01 17:00:00,1,43090.27914511936,38182.0,38584.84
2024-12-31,2025-01-01 18:00:00,1,42953.5769629458,38968.0,40034.18
2024-12-31,2025-01-01 19:00:00,1,41045.21823444105,38447.0,39610.35
2024-12-31,2025-01-01 20:00:00,1,39623.222517120135,37674.0,38912.16
2024-12-31,2025-01-01 21:00:00,1,38256.28903541424,36853.0,38071.58
2024-12-31,2025-01-01 22:00:00,1,37338.55634348159,36302.0,36920.29
2024-12-31,2025-01-01 23:00:00,1,35555.6542331896,34900.0,35384.59
2024-12-31,2025-01-02 00:00:00,2,35900.590461558364,37301.0,33561.92
2024-12-31,2025-01-02 01:00:00,2,33351.736178409716,34688.0,31767.82
2024-12-31,2025-01-02 02:00:00,2,32006.576047006107,33046.0,30555.63
2024-12-31,2025-01-02 03:00:00,2,31124.05405041374,32201.0,30020.75
2024-12-31,2025-01-02 04:00:00,2,30690.739276607932,31941.0,29997.08
2024-12-31,2025-01-02 05:00:00,2,30960.390175824166,32086.0,30346.77
2024-12-31,2025-01-02 06:00:00,2,32358.721101721745,33290.0,31822.64
2024-12-31,2025-01-02 07:00:00,2,36147.0944983949,37070.0,35518.12
2024-12-31,2025-01-02 08:00:00,2,41871.10890269516,43261.0,41803.24
2024-12-31,2025-01-02 09:00:00,2,44624.253598855175,45672.0,44488.35
2024-12-31,2025-01-02 10:00:00,2,45304.45053291524,46213.0,44830.36
2024-12-31,2025-01-02 11:00:00,2,45509.16703357172,46262.0,45004.36
2024-12-31,2025-01-02 12:00:00,2,43327.173794637936,44963.0,43246.44
2024-12-31,2025-01-02 13:00:00,2,43530.18611967301,44854.0,43330.9
2024-12-31,2025-01-02 14:00:00,2,44030.98783152398,44901.0,43891.72
2024-12-31,2025-01-02 15:00:00,2,43764.09434505976,44627.0,43853.05
2024-12-31,2025-01-02 16:00:00,2,45177.41353755592,44637.0,45359.6
2024-12-31,2025-01-02 17:00:00,2,46220.483438176576,44982.0,46988.34
2024-12-31,2025-01-02 18:00:00,2,45741.72928168877,44500.0,46217.46
2024-12-31,2025-01-02 19:00:00,2,44183.013591027746,43330.0,45006.66
2024-12-31,2025-01-02 20:00:00,2,42748.042740457895,41998.0,43525.39
2024-12-31,2025-01-02 21:00:00,2,41943.726415505495,40723.0,42423.45
2024-12-31,2025-01-02 22:00:00,2,41670.3517466778,39382.0,40899.0
2024-12-31,2025-01-02 23:00:00,2,38705.38903449136,37750.0,38900.97
