decision_date,dt,horizon,pred_mw,load_plan_mw,actual_mw,mape
2026-08-09,2026-08-10 00:00:00,1,43373.454233679804,42994.0,43818.59,1.0158605430256713
2026-08-09,2026-08-10 01:00:00,1,41239.42749116363,40693.0,41893.81,1.5620028563560262
2026-08-09,2026-08-10 02:00:00,1,39204.67845844226,38812.0,40084.04,2.193794691248048
2026-08-09,2026-08-10 03:00:00,1,37778.30285943288,37400.0,39031.05,3.2096168065351147
2026-08-09,2026-08-10 04:00:00,1,36865.00682584229,36494.0,38133.46,3.3263521698731466
2026-08-09,2026-08-10 05:00:00,1,37140.19593017091,36575.0,38001.72,2.267065990247532
2026-08-09,2026-08-10 06:00:00,1,37775.99404125745,37336.0,38541.53,1.986262503700679
2026-08-09,2026-08-10 07:00:00,1,41609.194129224685,40719.0,42123.15,1.2201268679462878
2026-08-09,2026-08-10 08:00:00,1,48064.7171681215,47977.0,50230.87,4.312393617467716
2026-08-09,2026-08-10 09:00:00,1,51452.46530861975,51609.0,53825.86,4.409394836200017
2026-08-09,2026-08-10 10:00:00,1,52805.832093403165,53287.0,55880.49,5.502202837872096
2026-08-09,2026-08-10 11:00:00,1,54538.23296823412,54674.0,56738.07,3.877179875462591
2026-08-09,2026-08-10 12:00:00,1,53797.484558569944,53778.0,55719.55,3.4495351118773545
2026-08-09,2026-08-10 13:00:00,1,55079.80506466088,54935.0,57104.41,3.5454441002702257
2026-08-09,2026-08-10 14:00:00,1,56077.03318386411,55766.0,57867.95,3.0948336966073455
2026-08-09,2026-08-10 15:00:00,1,55944.228614376814,55038.0,57139.02,2.091025337191962
2026-08-09,2026-08-10 16:00:00,1,55082.51932779816,54182.0,56361.59,2.269401328461168
2026-08-09,2026-08-10 17:00:00,1,54084.1248426217,53112.0,55468.81,2.4963311045942733
2026-08-09,2026-08-10 18:00:00,1,52631.663475874935,52122.0,53800.79,2.173065719155919
2026-08-09,2026-08-10 19:00:00,1,52256.12441433067,52405.0,53976.51,3.1872857020013585
2026-08-09,2026-08-10 20:00:00,1,53019.832304936936,53368.0,55108.73,3.790502330688926
2026-08-09,2026-08-10 21:00:00,1,51879.560948410486,52396.0,53376.33,2.804181275838027
2026-08-09,2026-08-10 22:00:00,1,49901.25042661679,50269.0,51916.71,3.882101876993381
2026-08-09,2026-08-10 23:00:00,1,48384.84409551273,48196.0,49863.42,2.9652516904922854
2026-08-09,2026-08-11 00:00:00,2,45157.881628951014,45273.0,47070.7,4.0637134587949255
2026-08-09,2026-08-11 01:00:00,2,43126.18705783588,43022.0,44747.59,3.6234419376867386
2026-08-09,2026-08-11 02:00:00,2,40790.74131077631,41205.0,42909.87,4.9385577006495
2026-08-09,2026-08-11 03:00:00,2,40004.93859630763,39964.0,41348.15,3.2485405119512576
2026-08-09,2026-08-11 04:00:00,2,38945.325759194355,39098.0,40235.58,3.2067494511217363
2026-08-09,2026-08-11 05:00:00,2,38865.46879749349,39080.0,40201.8,3.3240581329853627
2026-08-09,2026-08-11 06:00:00,2,38857.634146586344,39405.0,40255.05,3.4714050868491246
2026-08-09,2026-08-11 07:00:00,2,42261.84254626342,42769.0,43392.82,2.606370025586217
2026-08-09,2026-08-11 08:00:00,2,48243.51475231609,49597.0,50574.53,4.609069521128336
2026-08-09,2026-08-11 09:00:00,2,51853.93224284806,52809.0,54324.91,4.548516982636408
2026-08-09,2026-08-11 10:00:00,2,53283.91001013729,54390.0,55552.11,4.083013210232178
2026-08-09,2026-08-11 11:00:00,2,54364.16861317015,55451.0,56882.72,4.427621229838959
2026-08-09,2026-08-11 12:00:00,2,53771.3658966108,54638.0,55961.01,3.9128030451723514
2026-08-09,2026-08-11 13:00:00,2,54554.6473922927,55638.0,57070.44,4.408223605262722
2026-08-09,2026-08-11 14:00:00,2,55926.93951724247,56580.0,58347.55,4.148606895675195
2026-08-09,2026-08-11 15:00:00,2,56170.022494287885,55761.0,57306.81,1.9836865910214034
2026-08-09,2026-08-11 16:00:00,2,55598.35988422723,55092.0,56463.51,1.5322287186410637
2026-08-09,2026-08-11 17:00:00,2,54170.311859444395,54062.0,55300.04,2.0429065522477123
2026-08-09,2026-08-11 18:00:00,2,52774.19350309849,53106.0,54038.54,2.3397125401639483
2026-08-09,2026-08-11 19:00:00,2,52945.34999567981,53200.0,54415.05,2.7009072018130857
2026-08-09,2026-08-11 20:00:00,2,54042.96615766336,53859.0,55268.46,2.2173475474739845
2026-08-09,2026-08-11 21:00:00,2,52923.39846647462,52684.0,54119.02,2.2092446121998885
2026-08-09,2026-08-11 22:00:00,2,50885.29023923237,50817.0,52164.35,2.4519806357553233
2026-08-09,2026-08-11 23:00:00,2,48372.447912426534,48713.0,49325.33,1.9318311455259747
2026-08-10,2026-08-11 00:00:00,1,45442.72284598384,45273.0,47070.7,3.4585785935118025
2026-08-10,2026-08-11 01:00:00,1,43928.346058661875,43022.0,44747.59,1.830811315957176
2026-08-10,2026-08-11 02:00:00,1,42222.45849843249,41205.0,42909.87,1.6019892429585836
2026-08-10,2026-08-11 03:00:00,1,40681.01524667679,39964.0,41348.15,1.613457321121286
2026-08-10,2026-08-11 04:00:00,1,39696.02718064116,39098.0,40235.58,1.340984321237173
2026-08-10,2026-08-11 05:00:00,1,39669.64120233199,39080.0,40201.8,1.3237188326592573
2026-08-10,2026-08-11 06:00:00,1,39724.27428770515,39405.0,40255.05,1.3185319911286988
2026-08-10,2026-08-11 07:00:00,1,43127.29265498658,42769.0,43392.82,0.6119153929461582
2026-08-10,2026-08-11 08:00:00,1,49624.01400878108,49597.0,50574.53,1.8794361336010819
2026-08-10,2026-08-11 09:00:00,1,53260.99799751055,52809.0,54324.91,1.9584238657541282
2026-08-10,2026-08-11 10:00:00,1,54369.67002205556,54390.0,55552.11,2.128523971356701
2026-08-10,2026-08-11 11:00:00,1,55295.135644309594,55451.0,56882.72,2.7909782719434078
2026-08-10,2026-08-11 12:00:00,1,54487.5862346643,54638.0,55961.01,2.6329470560586823
2026-08-10,2026-08-11 13:00:00,1,55240.619104768586,55638.0,57070.44,3.2062498470861907
2026-08-10,2026-08-11 14:00:00,1,56564.15722846826,56580.0,58347.55,3.056499838522338
2026-08-10,2026-08-11 15:00:00,1,56969.47458457074,55761.0,57306.81,0.5886480427531406
2026-08-10,2026-08-11 16:00:00,1,55687.46009928413,55092.0,56463.51,1.3744273083906267
2026-08-10,2026-08-11 17:00:00,1,54958.4364044446,54062.0,55300.04,0.6177275740766254
2026-08-10,2026-08-11 18:00:00,1,53391.503281767444,53106.0,54038.54,1.197361583478305
2026-08-10,2026-08-11 19:00:00,1,53464.46592870966,53200.0,54415.05,1.746913898434982
2026-08-10,2026-08-11 20:00:00,1,54498.24050435839,53859.0,55268.46,1.3935968102632244
2026-08-10,2026-08-11 21:00:00,1,53167.80155419856,52684.0,54119.02,1.7576416679412121
2026-08-10,2026-08-11 22:00:00,1,51236.64630369266,50817.0,52164.35,1.7784247216870153
2026-08-10,2026-08-11 23:00:00,1,49226.00930880926,48713.0,49325.33,0.20135839170410014
2026-08-10,2026-08-12 00:00:00,2,46534.332478718876,46232.0,47112.98,1.2282125250432627
2026-08-10,2026-08-12 01:00:00,2,43980.19643306961,44106.0,44765.74,1.754787404230091
2026-08-10,2026-08-12 02:00:00,2,42330.07368803707,42309.0,42141.31,0.4479302803758832
2026-08-10,2026-08-12 03:00:00,2,41016.101731652285,41035.0,41402.0,0.9320763932846606
2026-08-10,2026-08-12 04:00:00,2,40107.7761870308,40083.0,40315.22,0.5145545850157804
2026-08-10,2026-08-12 05:00:00,2,39720.76485273216,39809.0,40291.68,1.416955429180025
2026-08-10,2026-08-12 06:00:00,2,39962.284446422644,40054.0,40675.88,1.7543457045732107
2026-08-10,2026-08-12 07:00:00,2,43179.442856601774,43220.0,43781.4,1.3749152457395772
2026-08-10,2026-08-12 08:00:00,2,49047.28020406551,50044.0,51217.22,4.2367387295415355
2026-08-10,2026-08-12 09:00:00,2,52289.456469760546,53501.0,54837.12,4.645874054362185
2026-08-10,2026-08-12 10:00:00,2,53233.50350316373,55161.0,56067.52,5.054649281502492
2026-08-10,2026-08-12 11:00:00,2,54851.822376069154,56397.0,57026.89,3.8141087896093313
2026-08-10,2026-08-12 12:00:00,2,54540.445155314694,55616.0,56165.95,2.894110835275293
2026-08-10,2026-08-12 13:00:00,2,55668.91162073066,56520.0,57467.45,3.1296644957612343
2026-08-10,2026-08-12 14:00:00,2,56698.046002528485,56975.0,58472.74,3.035079247990625
2026-08-10,2026-08-12 15:00:00,2,56232.13652353517,56406.0,57374.38,1.9908598166373699
2026-08-10,2026-08-12 16:00:00,2,55927.515253039324,55788.0,56624.97,1.2317088149639228
2026-08-10,2026-08-12 17:00:00,2,55163.21553282477,54754.0,55622.78,0.8262162861605096
2026-08-10,2026-08-12 18:00:00,2,53000.73947390717,53471.0,54220.96,2.2504590956944166
2026-08-10,2026-08-12 19:00:00,2,53095.478082739195,53536.0,54713.94,2.9580430823676873
2026-08-10,2026-08-12 20:00:00,2,53836.0325953898,54325.0,55616.5,3.2013294698699144
2026-08-10,2026-08-12 21:00:00,2,52955.15289599958,53203.0,54234.71,2.3592955581405737
2026-08-10,2026-08-12 22:00:00,2,50518.66680495875,51563.0,51545.72,1.992509164759456
2026-08-10,2026-08-12 23:00:00,2,48602.35668547413,49537.0,49606.35,2.023920958760056
2026-08-11,2026-08-12 00:00:00,1,45928.62273753029,46232.0,47112.98,2.5138661627214236
2026-08-11,2026-08-12 01:00:00,1,44073.057637350175,44106.0,44765.74,1.5473492958003658
2026-08-11,2026-08-12 02:00:00,1,42637.70653483063,42309.0,42141.31,1.1779333267775258
2026-08-11,2026-08-12 03:00:00,1,41200.42634131414,41035.0,41402.0,0.48686937511681083
2026-08-11,2026-08-12 04:00:00,1,40012.39593314057,40083.0,40315.22,0.7511408020579569
2026-08-11,2026-08-12 05:00:00,1,39790.63540773649,39809.0,40291.68,1.2435435610118806
2026-08-11,2026-08-12 06:00:00,1,39781.80888950267,40054.0,40675.88,2.198037535997576
2026-08-11,2026-08-12 07:00:00,1,43005.36953085985,43220.0,43781.4,1.772511772442531
2026-08-11,2026-08-12 08:00:00,1,50118.41831739018,50044.0,51217.22,2.145375486232608
2026-08-11,2026-08-12 09:00:00,1,53031.8520668865,53501.0,54837.12,3.2920546030015805
2026-08-11,2026-08-12 10:00:00,1,54386.218442223704,55161.0,56067.52,2.9987086244875694
2026-08-11,2026-08-12 11:00:00,1,55521.892152894456,56397.0,57026.89,2.639102092198161
2026-08-11,2026-08-12 12:00:00,1,54990.50378388363,55616.0,56165.95,2.0928092841238657
2026-08-11,2026-08-12 13:00:00,1,56071.40734841477,56520.0,57467.45,2.4292754447695706
2026-08-11,2026-08-12 14:00:00,1,57034.513746996905,56975.0,58472.74,2.459652571442852
2026-08-11,2026-08-12 15:00:00,1,56792.93364113521,56406.0,57374.38,1.0134250842706884
2026-08-11,2026-08-12 16:00:00,1,56351.550837081384,55788.0,56624.97,0.482859704682611
2026-08-11,2026-08-12 17:00:00,1,55709.515266802,54754.0,55622.78,0.15593479290679652
2026-08-11,2026-08-12 18:00:00,1,53465.611508216665,53471.0,54220.96,1.3930931724250804
2026-08-11,2026-08-12 19:00:00,1,53727.78572177286,53536.0,54713.94,1.80238213191582
2026-08-11,2026-08-12 20:00:00,1,54405.48464191324,54325.0,55616.5,2.1774389939797767
2026-08-11,2026-08-12 21:00:00,1,53241.23668811684,53203.0,54234.71,1.831803492418706
2026-08-11,2026-08-12 22:00:00,1,51218.57363885633,51563.0,51545.72,0.6346722116669826
2026-08-11,2026-08-12 23:00:00,1,48766.57111956319,49537.0,49606.35,1.69288585117996
2026-08-11,2026-08-13 00:00:00,2,46289.71570952848,46427.0,47478.48,2.503796015524349
2026-08-11,2026-08-13 01:00:00,2,44239.067499517194,44024.0,45406.35,2.570747264386599
2026-08-11,2026-08-13 02:00:00,2,42828.97089376456,42095.0,43481.87,1.5015433012320762
2026-08-11,2026-08-13 03:00:00,2,40645.82362962635,40862.0,41939.8,3.0853184096577793
2026-08-11,2026-08-13 04:00:00,2,39998.53181411329,39914.0,40973.01,2.378341708082256
2026-08-11,2026-08-13 05:00:00,2,39881.15818925336,39738.0,40822.87,2.3068241178208315
2026-08-11,2026-08-13 06:00:00,2,40057.44256741995,39983.0,41094.5,2.5235918008007103
2026-08-11,2026-08-13 07:00:00,2,42824.5658074105,43164.0,44211.26,3.1365181462584433
2026-08-11,2026-08-13 08:00:00,2,49201.2879817138,50155.0,51349.97,4.1843880693332425
2026-08-11,2026-08-13 09:00:00,2,52026.149539191494,53690.0,55224.01,5.790706724862081
2026-08-11,2026-08-13 10:00:00,2,53200.44412636421,55119.0,56670.92,6.123909535323921
2026-08-11,2026-08-13 11:00:00,2,54098.236430009834,56207.0,57848.78,6.483358110560265
2026-08-11,2026-08-13 12:00:00,2,53414.42218724628,55149.0,56815.59,5.986328422803876
2026-08-11,2026-08-13 13:00:00,2,54186.94963621382,56035.0,57973.42,6.5313903574882675
2026-08-11,2026-08-13 14:00:00,2,55107.17144263192,56824.0,58835.47,6.336821236183001
2026-08-11,2026-08-13 15:00:00,2,54766.48343963647,56030.0,57624.5,4.959724701062104
2026-08-11,2026-08-13 16:00:00,2,54518.84262829501,55100.0,56449.95,3.4209195432502377
2026-08-11,2026-08-13 17:00:00,2,53162.72867707321,53998.0,55324.87,3.908082066757306
2026-08-11,2026-08-13 18:00:00,2,51966.38249189531,52680.0,54143.6,4.0211908851732945
2026-08-11,2026-08-13 19:00:00,2,52105.17537621033,52689.0,54472.42,4.345767314522956
2026-08-11,2026-08-13 20:00:00,2,53073.17141480981,53230.0,55521.56,4.409797896871391
2026-08-11,2026-08-13 21:00:00,2,51764.88895111696,52199.0,54043.18,4.215686510088855
2026-08-11,2026-08-13 22:00:00,2,50110.05227994771,50409.0,51913.58,3.474096219240304
2026-08-11,2026-08-13 23:00:00,2,47856.95336448889,48372.0,49220.18,2.769649837751738
2026-08-12,2026-08-13 00:00:00,1,47005.801115341055,46427.0,47478.48,0.9955644844968666
2026-08-12,2026-08-13 01:00:00,1,44458.391686131414,44024.0,45406.35,2.0877219020436235
2026-08-12,2026-08-13 02:00:00,1,42458.53339698491,42095.0,43481.87,2.3534788246574805
2026-08-12,2026-08-13 03:00:00,1,41414.693120780285,40862.0,41939.8,1.2520490780111453
2026-08-12,2026-08-13 04:00:00,1,40230.43385369567,39914.0,40973.01,1.8123543920847671
2026-08-12,2026-08-13 05:00:00,1,40106.25162189493,39738.0,40822.87,1.755433604019196
2026-08-12,2026-08-13 06:00:00,1,40415.10722985392,39983.0,41094.5,1.653245008811588
2026-08-12,2026-08-13 07:00:00,1,43290.30590050349,43164.0,44211.26,2.0830758940064444
2026-08-12,2026-08-13 08:00:00,1,50430.11203757849,50155.0,51349.97,1.7913505352028691
2026-08-12,2026-08-13 09:00:00,1,53437.469588722575,53690.0,55224.01,3.2350791101142904
2026-08-12,2026-08-13 10:00:00,1,54104.33457184843,55119.0,56670.92,4.528928466577869
2026-08-12,2026-08-13 11:00:00,1,55267.997480452235,56207.0,57848.78,4.461256606531311
2026-08-12,2026-08-13 12:00:00,1,54221.252668746005,55149.0,56815.59,4.5662419967019465
2026-08-12,2026-08-13 13:00:00,1,55013.319386588555,56035.0,57973.42,5.1059616862545685
2026-08-12,2026-08-13 14:00:00,1,56220.675204689,56824.0,58835.47,4.444249013921361
2026-08-12,2026-08-13 15:00:00,1,55864.46380026728,56030.0,57624.5,3.054319256102387
2026-08-12,2026-08-13 16:00:00,1,55634.092989069635,55100.0,56449.95,1.445274993034293
2026-08-12,2026-08-13 17:00:00,1,54640.0456094594,53998.0,55324.87,1.2378237681183981
2026-08-12,2026-08-13 18:00:00,1,52995.00170453517,52680.0,54143.6,2.1213925477153865
2026-08-12,2026-08-13 19:00:00,1,52987.23791124359,52689.0,54472.42,2.72648450125111
2026-08-12,2026-08-13 20:00:00,1,53969.12520700852,53230.0,55521.56,2.796093612988324
2026-08-12,2026-08-13 21:00:00,1,52784.75811491881,52199.0,54043.18,2.328548921586754
2026-08-12,2026-08-13 22:00:00,1,50734.83493265728,50409.0,51913.58,2.270590984753359
2026-08-12,2026-08-13 23:00:00,1,48917.79272534078,48372.0,49220.18,0.6143562958510451
2026-08-12,2026-08-14 00:00:00,2,45769.443305584435,44791.0,47280.23,3.1953877855830406
2026-08-12,2026-08-14 01:00:00,2,43870.338800275335,42611.0,44738.82,1.9412250920445941
2026-08-12,2026-08-14 02:00:00,2,41501.81016358125,40646.0,43304.72,4.163310226734527
2026-08-12,2026-08-14 03:00:00,2,40228.477701833406,39569.0,41953.57,4.111908231329523
2026-08-12,2026-08-14 04:00:00,2,39756.161761860836,38649.0,40915.11,2.8325678169731536
2026-08-12,2026-08-14 05:00:00,2,39663.77891005341,38626.0,40840.22,2.880594399213801
2026-08-12,2026-08-14 06:00:00,2,39796.988688111676,39033.0,41110.52,3.1951221047272584
2026-08-12,2026-08-14 07:00:00,2,42787.00056132888,41843.0,44155.49,3.0992509395119763
2026-08-12,2026-08-14 08:00:00,2,48939.216068072565,48270.0,51109.87,4.247034735027574
2026-08-12,2026-08-14 09:00:00,2,51989.63111580944,51634.0,54406.67,4.442541482855979
2026-08-12,2026-08-14 10:00:00,2,52609.85044600837,52939.0,55231.71,4.747018613024344
2026-08-12,2026-08-14 11:00:00,2,53160.959604242606,53953.0,56445.96,5.819726328965605
2026-08-12,2026-08-14 12:00:00,2,51720.53784849437,52677.0,54360.61,4.856590372156656
2026-08-12,2026-08-14 13:00:00,2,51942.407219015426,53089.0,54111.02,4.00771003944219
2026-08-12,2026-08-14 14:00:00,2,53563.946243145154,54343.0,55834.95,4.0673516441849475
2026-08-12,2026-08-14 15:00:00,2,53115.62961818323,53423.0,55397.33,4.118791251883028
2026-08-12,2026-08-14 16:00:00,2,52918.23369986035,52560.0,54153.35,2.280775427816837
2026-08-12,2026-08-14 17:00:00,2,52291.403777796426,51635.0,53034.64,1.401416550020088
2026-08-12,2026-08-14 18:00:00,2,51144.509160613976,50281.0,51802.37,1.2699435168430069
2026-08-12,2026-08-14 19:00:00,2,51344.2684942894,50358.0,52142.19,1.5302800011096673
2026-08-12,2026-08-14 20:00:00,2,52448.20099322089,51203.0,52800.75,0.6676969679012337
2026-08-12,2026-08-14 21:00:00,2,51079.60027464636,50207.0,51315.57,0.459840405852733
2026-08-12,2026-08-14 22:00:00,2,49019.410033463486,48543.0,49406.07,0.7826163192832658
2026-08-12,2026-08-14 23:00:00,2,47301.60715613294,46727.0,47571.01,0.5663172673169327
2026-08-13,2026-08-14 00:00:00,1,46661.82392171711,44791.0,47280.23,1.3079591158564507
2026-08-13,2026-08-14 01:00:00,1,44283.36623089611,42611.0,44738.82,1.018028122118315
2026-08-13,2026-08-14 02:00:00,1,42306.06995820119,40646.0,43304.72,2.3060997549431415
2026-08-13,2026-08-14 03:00:00,1,41478.24769999931,39569.0,41953.57,1.1329722357374856
2026-08-13,2026-08-14 04:00:00,1,40445.51336723922,38649.0,40915.11,1.1477340101512181
2026-08-13,2026-08-14 05:00:00,1,40228.279710191986,38626.0,40840.22,1.4983765753661835
2026-08-13,2026-08-14 06:00:00,1,40707.42196118748,39033.0,41110.52,0.9805228413858964
2026-08-13,2026-08-14 07:00:00,1,43543.320686006795,41843.0,44155.49,1.3863945660963182
2026-08-13,2026-08-14 08:00:00,1,50293.85560995536,48270.0,51109.87,1.5965886629033528
2026-08-13,2026-08-14 09:00:00,1,53038.07202566471,51634.0,54406.67,2.5154966740939804
2026-08-13,2026-08-14 10:00:00,1,53647.29312441237,52939.0,55231.71,2.868672499163308
2026-08-13,2026-08-14 11:00:00,1,54406.31964140047,53953.0,56445.96,3.6134390461239896
2026-08-13,2026-08-14 12:00:00,1,53188.371564483205,52677.0,54360.61,2.156411481616553
2026-08-13,2026-08-14 13:00:00,1,53236.10263059481,53089.0,54111.02,1.6168931382280098
2026-08-13,2026-08-14 14:00:00,1,54724.51369774463,54343.0,55834.95,1.988783552694802
2026-08-13,2026-08-14 15:00:00,1,54395.6510024711,53423.0,55397.33,1.808171977835212
2026-08-13,2026-08-14 16:00:00,1,53915.227960889926,52560.0,54153.35,0.43971802134138027
2026-08-13,2026-08-14 17:00:00,1,53232.32346038683,51635.0,53034.64,0.37274404122821186
2026-08-13,2026-08-14 18:00:00,1,52259.73137950439,50281.0,51802.37,0.8828966309927242
2026-08-13,2026-08-14 19:00:00,1,52212.414322013494,50358.0,52142.19,0.13467850509058302
2026-08-13,2026-08-14 20:00:00,1,52836.87768147688,51203.0,52800.75,0.06842266724786852
2026-08-13,2026-08-14 21:00:00,1,51658.970556646906,50207.0,51315.57,0.6691936904274978
2026-08-13,2026-08-14 22:00:00,1,49661.846245150904,48543.0,49406.07,0.5177020660637535
2026-08-13,2026-08-14 23:00:00,1,48008.316743989904,46727.0,47571.01,0.9192715142896952
2026-08-13,2026-08-15 00:00:00,2,45645.595664491324,44641.0,45483.57,0.3562289954181791
2026-08-13,2026-08-15 01:00:00,2,43479.116378953324,42670.0,43045.78,1.006687250070332
2026-08-13,2026-08-15 02:00:00,2,41743.74829612429,40813.0,41785.25,0.09932142053884296
2026-08-13,2026-08-15 03:00:00,2,40451.64468366729,39391.0,40490.71,0.09647970196795236
2026-08-13,2026-08-15 04:00:00,2,39300.91562652326,38226.0,39485.73,0.46805358157679655
2026-08-13,2026-08-15 05:00:00,2,38961.54097544635,37920.0,39248.56,0.7312854906107397
2026-08-13,2026-08-15 06:00:00,2,38995.610795466644,37818.0,39141.79,0.373460704105144
2026-08-13,2026-08-15 07:00:00,2,40752.10228360179,39507.0,41201.49,1.0907074389741989
2026-08-13,2026-08-15 08:00:00,2,46049.53265829324,43543.0,45964.01,0.18606439754328946
2026-08-13,2026-08-15 09:00:00,2,47721.553766084966,46244.0,48430.28,1.463394871793087
2026-08-13,2026-08-15 10:00:00,2,49007.50962655783,47957.0,49995.38,1.9759233221993016
2026-08-13,2026-08-15 11:00:00,2,49446.624079429894,49177.0,50391.05,1.8741937716521269
2026-08-13,2026-08-15 12:00:00,2,49193.160332600004,49000.0,49515.18,0.6503453433876162
2026-08-13,2026-08-15 13:00:00,2,49368.78400026536,49504.0,50059.77,1.3803219625951852
2026-08-13,2026-08-15 14:00:00,2,49428.38318413239,49694.0,50046.04,1.2341772013681984
2026-08-13,2026-08-15 15:00:00,2,48553.21471526887,48881.0,49139.47,1.1930435650427869
2026-08-13,2026-08-15 16:00:00,2,48616.3526885747,48236.0,47799.06,1.7098509647986804
2026-08-13,2026-08-15 17:00:00,2,48249.457379256564,47856.0,47560.24,1.4491461339483702
2026-08-13,2026-08-15 18:00:00,2,48588.02859536389,47957.0,48373.36,0.44377441501662906
2026-08-13,2026-08-15 19:00:00,2,49087.83063128169,48360.0,49254.86,0.33911246264491973
2026-08-13,2026-08-15 20:00:00,2,50298.84843394809,49261.0,50251.2,0.09482048975565911
2026-08-13,2026-08-15 21:00:00,2,49406.41601196104,48537.0,49053.95,0.7185272785597117
2026-08-13,2026-08-15 22:00:00,2,47374.631229137274,46982.0,46783.79,1.2629186928576615
2026-08-13,2026-08-15 23:00:00,2,45626.11048033934,45024.0,45180.4,0.986512913430022
2026-08-14,2026-08-15 00:00:00,1,45719.491094692145,44641.0,45483.57,0.5186952006892706
2026-08-14,2026-08-15 01:00:00,1,43584.53334662177,42670.0,43045.78,1.2515822610759335
2026-08-14,2026-08-15 02:00:00,1,41594.54759704608,40813.0,41785.25,0.45638689000045957
2026-08-14,2026-08-15 03:00:00,1,40554.0885603572,39391.0,40490.71,0.15652617688650866
2026-08-14,2026-08-15 04:00:00,1,39599.09529127135,38226.0,39485.73,0.2871044584242058
2026-08-14,2026-08-15 05:00:00,1,39377.11553791908,37920.0,39248.56,0.3275420497442062
2026-08-14,2026-08-15 06:00:00,1,39159.3633469153,37818.0,39141.79,0.044896635834228114
2026-08-14,2026-08-15 07:00:00,1,40788.06069811601,39507.0,41201.49,1.0034328901308884
2026-08-14,2026-08-15 08:00:00,1,46434.57844679034,43543.0,45964.01,1.0237758776711194
2026-08-14,2026-08-15 09:00:00,1,48034.14431699023,46244.0,48430.28,0.8179504289666961
2026-08-14,2026-08-15 10:00:00,1,49314.91277605751,47957.0,49995.38,1.3610602098483717
2026-08-14,2026-08-15 11:00:00,1,49724.9039970688,49177.0,50391.05,1.3219530113605495
2026-08-14,2026-08-15 12:00:00,1,49502.38721301586,49000.0,49515.18,0.025836091041448118
2026-08-14,2026-08-15 13:00:00,1,50267.07500694561,49504.0,50059.77,0.41411498084312987
2026-08-14,2026-08-15 14:00:00,1,50210.67298197892,49694.0,50046.04,0.3289630547769955
2026-08-14,2026-08-15 15:00:00,1,48875.33023175058,48881.0,49139.47,0.537530763456384
2026-08-14,2026-08-15 16:00:00,1,48311.876078081936,48236.0,47799.06,1.0728580814809707
2026-08-14,2026-08-15 17:00:00,1,47923.7836663148,47856.0,47560.24,0.7643856850066345
2026-08-14,2026-08-15 18:00:00,1,48388.16124178859,47957.0,48373.36,0.030597919575136277
2026-08-14,2026-08-15 19:00:00,1,49055.27361182541,48360.0,49254.86,0.4052115632337397
2026-08-14,2026-08-15 20:00:00,1,49769.004500456904,49261.0,50251.2,0.9595701188092889
2026-08-14,2026-08-15 21:00:00,1,48043.49951777821,48537.0,49053.95,2.0598758758913114
2026-08-14,2026-08-15 22:00:00,1,46818.45992843567,46982.0,46783.79,0.0741067118240431
2026-08-14,2026-08-15 23:00:00,1,45244.55101017434,45024.0,45180.4,0.14198858393095376
2026-08-14,2026-08-16 00:00:00,2,42463.65532194221,42002.0,42779.41,0.7380996560209465
2026-08-14,2026-08-16 01:00:00,2,40595.01865598747,39915.0,40920.26,0.7948173936639968
2026-08-14,2026-08-16 02:00:00,2,39215.786793637795,38442.0,39183.33,0.08283316818094189
2026-08-14,2026-08-16 03:00:00,2,38144.2490831218,37174.0,37929.12,0.5671871193473492
2026-08-14,2026-08-16 04:00:00,2,37173.542593501574,36132.0,36873.61,0.8134071860649748
2026-08-14,2026-08-16 05:00:00,2,36629.98496504209,35609.0,36516.25,0.31146397848105273
2026-08-14,2026-08-16 06:00:00,2,36094.885570306295,34897.0,36042.65,0.14492710804087125
2026-08-14,2026-08-16 07:00:00,2,36590.31608534909,35201.0,36871.14,0.7616361052327313
2026-08-14,2026-08-16 08:00:00,2,38320.83386217788,36726.0,38619.77,0.7740495032003419
2026-08-14,2026-08-16 09:00:00,2,40495.359498443126,38372.0,39948.76,1.3682514762488838
2026-08-14,2026-08-16 10:00:00,2,41305.32048745327,39926.0,41615.93,0.7463716719696826
2026-08-14,2026-08-16 11:00:00,2,42136.75884033597,41338.0,42647.57,1.197749742046335
2026-08-14,2026-08-16 12:00:00,2,42299.832603970746,41788.0,43198.21,2.079663476864557
2026-08-14,2026-08-16 13:00:00,2,44049.81447795911,42521.0,43248.51,1.8527909469230437
2026-08-14,2026-08-16 14:00:00,2,43698.008978469916,42485.0,42456.55,2.9240693802720963
2026-08-14,2026-08-16 15:00:00,2,42432.052141889675,42185.0,41985.4,1.063827287318148
2026-08-14,2026-08-16 16:00:00,2,42469.193375330186,41947.0,41442.07,2.4784557705012946
2026-08-14,2026-08-16 17:00:00,2,42292.270213505035,41964.0,41881.2,0.9815148885539046
2026-08-14,2026-08-16 18:00:00,2,44127.45841470116,42868.0,43126.94,2.319938337153437
2026-08-14,2026-08-16 19:00:00,2,45354.8646614601,43896.0,44763.58,1.3209056591543846
2026-08-14,2026-08-16 20:00:00,2,46695.342244481595,45276.0,46248.84,0.9654344724788744
2026-08-14,2026-08-16 21:00:00,2,46044.30737402619,44753.0,45225.07,1.811467343281481
2026-08-14,2026-08-16 22:00:00,2,43947.82733094671,43444.0,43804.15,0.3279993583866137
2026-08-14,2026-08-16 23:00:00,2,42651.42101595166,41946.0,42381.52,0.6368365645018442
2026-08-15,2026-08-16 00:00:00,1,42971.80257582381,42002.0,42779.41,0.4497317186557827
2026-08-15,2026-08-16 01:00:00,1,40516.486965363765,39915.0,40920.26,0.9867313517466331
2026-08-15,2026-08-16 02:00:00,1,39122.147159871056,38442.0,39183.33,0.15614507528825605
2026-08-15,2026-08-16 03:00:00,1,38016.839206096396,37174.0,37929.12,0.23127139806141944
2026-08-15,2026-08-16 04:00:00,1,36895.873164496435,36132.0,36873.61,0.06037695928452601
2026-08-15,2026-08-16 05:00:00,1,36722.21624934274,35609.0,36516.25,0.5640399803997908
2026-08-15,2026-08-16 06:00:00,1,36203.99834144477,34897.0,36042.65,0.4476594852064684
2026-08-15,2026-08-16 07:00:00,1,36818.53967846385,35201.0,36871.14,0.1426598731044086
2026-08-15,2026-08-16 08:00:00,1,38318.41470238012,36726.0,38619.77,0.7803135482678356
2026-08-15,2026-08-16 09:00:00,1,40062.05284918738,38372.0,39948.76,0.2835954086869665
2026-08-15,2026-08-16 10:00:00,1,41372.896738857715,39926.0,41615.93,0.5839909408303154
2026-08-15,2026-08-16 11:00:00,1,41877.484006244114,41338.0,42647.57,1.8056972384496592
2026-08-15,2026-08-16 12:00:00,1,42138.12549870383,41788.0,43198.21,2.454000990541443
2026-08-15,2026-08-16 13:00:00,1,43015.11918552746,42521.0,43248.51,0.5396505324057241
2026-08-15,2026-08-16 14:00:00,1,43204.469089718514,42485.0,42456.55,1.761610610656096
2026-08-15,2026-08-16 15:00:00,1,42775.457677471364,42185.0,41985.4,1.8817438382660705
2026-08-15,2026-08-16 16:00:00,1,42452.016382621034,41947.0,41442.07,2.4370075689294333
2026-08-15,2026-08-16 17:00:00,1,42355.00754899576,41964.0,41881.2,1.1313132121232505
2026-08-15,2026-08-16 18:00:00,1,43923.56371331806,42868.0,43126.94,1.8471602977583264
2026-08-15,2026-08-16 19:00:00,1,44690.88171218896,43896.0,44763.58,0.16240499042088002
2026-08-15,2026-08-16 20:00:00,1,46429.481668744855,45276.0,46248.84,0.3905863773985644
2026-08-15,2026-08-16 21:00:00,1,45529.67422040277,44753.0,45225.07,0.6735295719890958
2026-08-15,2026-08-16 22:00:00,1,43296.65405904685,43444.0,43804.15,1.1585567599260598
2026-08-15,2026-08-16 23:00:00,1,42651.3340491623,41946.0,42381.52,0.6366313647134537
2026-08-15,2026-08-17 00:00:00,2,41408.94724104504,40306.0,40654.38,1.8560539874056436
2026-08-15,2026-08-17 01:00:00,2,39580.967809440204,38262.0,38675.51,2.3411657905485983
2026-08-15,2026-08-17 02:00:00,2,37908.21384189522,36877.0,37095.1,2.1919710201488205
2026-08-15,2026-08-17 03:00:00,2,36868.83444063749,35817.0,36119.51,2.0745697841346322
2026-08-15,2026-08-17 04:00:00,2,36436.64126324535,35109.0,35333.5,3.1220831880378404
2026-08-15,2026-08-17 05:00:00,2,36428.76853622667,35165.0,35714.51,1.9999113419914456
2026-08-15,2026-08-17 06:00:00,2,37182.997320785355,35727.0,36301.32,2.428774823574886
2026-08-15,2026-08-17 07:00:00,2,40283.07485150328,38842.0,40104.88,0.4443221161696169
2026-08-15,2026-08-17 08:00:00,2,47612.62458780842,45328.0,47679.79,0.14086767620322588
2026-08-15,2026-08-17 09:00:00,2,50211.022600228105,48703.0,50710.84,0.9856224029653057
2026-08-15,2026-08-17 10:00:00,2,51098.43794007329,50701.0,51965.0,1.6675879148017185
2026-08-15,2026-08-17 11:00:00,2,52008.5224498855,51693.0,52835.18,1.5645968275578848
2026-08-15,2026-08-17 12:00:00,2,50934.42899618034,50865.0,51904.89,1.8696908977548405
2026-08-15,2026-08-17 13:00:00,2,52239.28826599441,51866.0,52543.22,0.5784413935910154
2026-08-15,2026-08-17 14:00:00,2,53283.8865607673,52491.0,53553.54,0.5035212223742841
2026-08-15,2026-08-17 15:00:00,2,53240.59391605496,51943.0,52768.75,0.8941730021176559
2026-08-15,2026-08-17 16:00:00,2,52994.82081996192,51096.0,52289.93,1.3480431508742088
2026-08-15,2026-08-17 17:00:00,2,52066.03645922725,50400.0,51080.97,1.9284411772667032
2026-08-15,2026-08-17 18:00:00,2,50628.46770091291,49417.0,49882.92,1.4945951458192703
2026-08-15,2026-08-17 19:00:00,2,51134.90752006747,49549.0,50349.15,1.560617249879033
2026-08-15,2026-08-17 20:00:00,2,52002.059994273375,50229.0,51319.55,1.3299220166064827
2026-08-15,2026-08-17 21:00:00,2,51099.569618519905,48650.0,49851.04,2.504520705124515
2026-08-15,2026-08-17 22:00:00,2,48981.40161197166,46960.0,48050.88,1.9365339656040936
2026-08-15,2026-08-17 23:00:00,2,46928.92164625012,45067.0,45613.23,2.884451827353857
2026-08-16,2026-08-17 00:00:00,1,41318.07947614545,40306.0,40654.38,1.6325411336870845
2026-08-16,2026-08-17 01:00:00,1,39332.43167273009,38262.0,38675.51,1.6985468911207329
2026-08-16,2026-08-17 02:00:00,1,37998.58098777443,36877.0,37095.1,2.4355804075859986
2026-08-16,2026-08-17 03:00:00,1,36894.85684965951,35817.0,36119.51,2.1466150832597357
2026-08-16,2026-08-17 04:00:00,1,35718.265450306135,35109.0,35333.5,1.0889536850471504
2026-08-16,2026-08-17 05:00:00,1,35906.477204283336,35165.0,35714.51,0.5375047964632121
2026-08-16,2026-08-17 06:00:00,1,36763.527216357565,35727.0,36301.32,1.2732518166214477
2026-08-16,2026-08-17 07:00:00,1,40125.89736220291,38842.0,40104.88,0.05240599698318656
2026-08-16,2026-08-17 08:00:00,1,47217.93002225611,45328.0,47679.79,0.9686703270796577
2026-08-16,2026-08-17 09:00:00,1,49918.409951976224,48703.0,50710.84,1.562644294639514
2026-08-16,2026-08-17 10:00:00,1,51382.91832293109,50701.0,51965.0,1.120141782101246
2026-08-16,2026-08-17 11:00:00,1,52127.43298084239,51693.0,52835.18,1.3395374429643405
2026-08-16,2026-08-17 12:00:00,1,51454.56851162312,50865.0,51904.89,0.8675897172248731
2026-08-16,2026-08-17 13:00:00,1,52878.0383278791,51866.0,52543.22,0.6372246083873364
2026-08-16,2026-08-17 14:00:00,1,53369.10875637497,52491.0,53553.54,0.34438665235768345
2026-08-16,2026-08-17 15:00:00,1,53144.46373705119,51943.0,52768.75,0.7120004492264681
2026-08-16,2026-08-17 16:00:00,1,52540.12927281006,51096.0,52289.93,0.478484619906853
2026-08-16,2026-08-17 17:00:00,1,51600.148399296646,50400.0,51080.97,1.016383203562197
2026-08-16,2026-08-17 18:00:00,1,50791.49564443187,49417.0,49882.92,1.8214163173123559
2026-08-16,2026-08-17 19:00:00,1,51104.893278103336,49549.0,50349.15,1.501005038026133
2026-08-16,2026-08-17 20:00:00,1,51826.363285625666,50229.0,51319.55,0.9875637756481953
2026-08-16,2026-08-17 21:00:00,1,50770.814592937895,48650.0,49851.04,1.845045946760377
2026-08-16,2026-08-17 22:00:00,1,48697.33148918594,46960.0,48050.88,1.3453478670649601
2026-08-16,2026-08-17 23:00:00,1,46800.01970238513,45067.0,45613.23,2.6018541164156224
2026-08-16,2026-08-18 00:00:00,2,44635.458400899304,42685.0,42851.24,4.163749755898094
2026-08-16,2026-08-18 01:00:00,2,42400.29830656886,40756.0,41367.02,2.497831138353364
2026-08-16,2026-08-18 02:00:00,2,40959.28059529124,39041.0,39731.54,3.090090631501416
2026-08-16,2026-08-18 03:00:00,2,39408.514178500016,37732.0,38669.28,1.9116833271786215
2026-08-16,2026-08-18 04:00:00,2,38414.009740427624,36903.0,37813.54,1.58797547235097
2026-08-16,2026-08-18 05:00:00,2,38456.536709137275,36997.0,37834.87,1.6431051808484416
2026-08-16,2026-08-18 06:00:00,2,38560.79009798237,37324.0,38336.88,0.5840592609058709
2026-08-16,2026-08-18 07:00:00,2,41829.06388649522,40026.0,41510.9,0.7664586566304713
2026-08-16,2026-08-18 08:00:00,2,48402.18744842454,45835.0,48278.27,0.25667334066557274
2026-08-16,2026-08-18 09:00:00,2,51575.47898269624,49230.0,51109.37,0.9119834243627621
2026-08-16,2026-08-18 10:00:00,2,52125.841816957676,50957.0,51974.89,0.2904322009294811
2026-08-16,2026-08-18 11:00:00,2,53183.464146884806,52157.0,52944.64,0.4510827666120808
2026-08-16,2026-08-18 12:00:00,2,52061.94506917687,51672.0,51995.22,0.12832923714308994
2026-08-16,2026-08-18 13:00:00,2,52619.70638818823,52576.0,53384.91,1.4333706131784725
2026-08-16,2026-08-18 14:00:00,2,53994.93860001225,53409.0,54057.91,0.11648878025021081
2026-08-16,2026-08-18 15:00:00,2,53561.72863994203,52738.0,53121.28,0.8291378519908308
2026-08-16,2026-08-18 16:00:00,2,53214.342946479665,51962.0,52528.78,1.3051187301126463
2026-08-16,2026-08-18 17:00:00,2,52385.0837797963,51232.0,51607.17,1.5073753894978252
2026-08-16,2026-08-18 18:00:00,2,51211.57962968436,50560.0,50726.13,0.9570011149763731
2026-08-16,2026-08-18 19:00:00,2,52366.450611712884,50749.0,51485.5,1.7110654683607693
2026-08-16,2026-08-18 20:00:00,2,53368.661059053535,51134.0,51962.75,2.7056132692236936
2026-08-16,2026-08-18 21:00:00,2,51849.808921522024,49796.0,50252.61,3.178340232521303
2026-08-16,2026-08-18 22:00:00,2,50051.50590340744,47679.0,48468.8,3.265411777076044
2026-08-16,2026-08-18 23:00:00,2,47074.09561407292,45237.0,46444.96,1.3545831755973492
