date,n,MAPE,MAE,actual_mean,dow,flags
2025-04-01,48,9.622533862758885,2580.1275811340397,27782.75833333333,Tuesday,"bayram,after"
2026-05-25,48,9.519358302132549,3249.5663686252387,33174.73333333333,Monday,arefe-1
2025-06-05,48,9.205735665614723,2902.832824996469,31042.994583333333,Thursday,"arife,arefe-1"
2026-03-20,48,9.012645715777689,2623.9852155778917,29526.7475,Friday,"bayram,arife,after"
2026-03-18,48,9.010030778412725,3606.637496551614,39750.95375,Wednesday,"arife,arefe-1,ramazan"
2025-06-06,48,8.796576896752388,2249.4648393700177,26294.327083333334,Friday,"bayram,arife,arefe-1"
2025-06-10,48,8.684442403429935,3544.7343158369536,38275.75208333333,Tuesday,after
2025-03-30,48,8.121251797409895,2086.0049563619255,25892.721250000002,Sunday,"bayram,arife,arefe-1,ramazan"
2026-03-19,48,7.963064429889116,2736.349105493455,34399.95958333334,Thursday,"bayram,arife,arefe-1,ramazan"
2025-03-31,48,7.40908061956501,1917.225782229997,25979.17125,Monday,"bayram,arife,after"
2026-05-26,48,7.408411329777034,2202.8863464330343,30117.802083333332,Tuesday,"arife,arefe-1"
2025-06-08,48,6.7122993406838285,1940.6837948564462,28550.005416666667,Sunday,"bayram,arife,after"
2025-06-09,48,6.652972986451316,1923.3433825009968,30441.51125,Monday,"bayram,after"
2026-03-23,48,6.619038773659312,2843.577177456125,39755.09375,Monday,normal
2025-03-29,48,6.405562206747877,1943.0783215516685,30750.89791666667,Saturday,"arife,arefe-1,ramazan"
2026-03-21,48,6.230592203781107,1815.9475771990399,29749.560833333333,Saturday,"bayram,after"
2026-01-01,48,6.213897137401929,2205.1424325000403,35965.332916666666,Thursday,resmi
2025-06-07,48,6.170013670840942,1742.8790296053303,27451.491250000003,Saturday,"bayram,arife,after,arefe-1"
2025-04-02,48,5.31550789433433,1865.5746477992259,34105.62583333333,Wednesday,after
2025-04-03,48,5.250077678199653,1835.6980271986006,36661.793333333335,Thursday,normal
2026-05-27,48,4.816162596755722,1272.8341737836197,26368.627083333336,Wednesday,"bayram,arife,arefe-1"
2025-09-19,48,4.711993059997515,1896.4553837474734,39886.465000000004,Friday,normal
2026-06-02,48,4.494623217945534,1707.2874860595728,38823.50958333333,Tuesday,normal
2025-03-20,48,4.419375924021893,1931.7367564539907,42288.08875,Thursday,ramazan
2026-07-26,48,4.400209079220162,1729.2897420193494,39108.93083333333,Sunday,normal
2026-03-22,48,4.389086371369969,1328.5639690853968,30628.769166666665,Sunday,after
2025-02-05,48,4.346905058605397,2010.7963874280729,43436.81375,Wednesday,normal
2025-06-12,48,4.312245932365219,1937.1892172145388,42102.91333333334,Thursday,normal
2026-05-10,48,4.2440502654293475,1419.294845898213,32761.647500000003,Sunday,normal
2026-05-29,48,4.148333109071324,1146.4325423090002,27495.05083333333,Friday,"bayram,arife,after"
2026-05-03,48,4.14544198975036,1490.023349212787,33862.11208333333,Sunday,normal
2025-12-31,48,4.103587180584053,1772.2157687029285,41352.71916666667,Wednesday,normal
2025-06-11,48,4.055612350941406,1669.695075397157,40894.16458333333,Wednesday,normal
2025-04-06,48,4.039000552709636,1294.883689482279,32402.765833333335,Sunday,normal
2025-09-13,48,4.022495052199721,1700.9282378479375,41255.51,Saturday,normal
2025-03-01,48,3.999706916344842,1549.8592593819867,38586.77625,Saturday,ramazan
2026-02-22,48,3.9669492583527095,1463.0973201410554,35987.167083333334,Sunday,ramazan
2026-06-01,48,3.8701805416819215,1432.591454606717,36635.765,Monday,normal
2026-08-02,48,3.811019687865157,1600.8877228889367,42300.03166666667,Sunday,normal
2025-05-20,48,3.801866228794896,1504.6435509928644,38649.51291666667,Tuesday,normal
2026-05-04,48,3.7077155101577453,1526.9318943640883,39563.03,Monday,normal
2026-03-28,48,3.69000701817018,1426.536653744701,38723.83,Saturday,normal
2026-02-21,48,3.672944344217013,1433.0779209158347,39225.712916666664,Saturday,ramazan
2025-07-27,48,3.6629647755261865,1673.4235221516608,45336.28,Sunday,normal
2025-06-04,48,3.652658448545038,1325.3990575264975,36699.38416666666,Wednesday,arefe-1
2025-06-16,48,3.6494052557619057,1518.8068867360469,40331.21791666667,Monday,normal
2025-05-01,48,3.649095635847992,1273.0716678953747,34803.60291666666,Thursday,resmi
2025-09-02,48,3.5583472770773916,1713.0553137158229,46354.434166666666,Tuesday,normal
2025-07-06,48,3.541095835384796,1420.69643626519,39110.106250000004,Sunday,normal
2026-03-24,48,3.531540630565877,1522.7419299583332,41513.03791666667,Tuesday,normal
2025-09-03,48,3.514987077166762,1738.859106161099,46554.15166666667,Wednesday,normal
2026-07-25,48,3.5067593117091422,1562.9622789553894,44016.16291666666,Saturday,normal
2026-04-03,48,3.4925357722218613,1481.7138336028959,40350.370416666665,Friday,normal
2025-04-08,48,3.4864294990750264,1404.9829277806075,39835.43916666667,Tuesday,normal
2025-03-09,48,3.481082655121158,1151.7831054500323,33537.17083333333,Sunday,ramazan
2025-03-04,48,3.452097086053936,1440.2368479984082,41075.70208333333,Tuesday,ramazan
2026-04-02,48,3.43881313588693,1460.3044879906538,40594.32083333333,Thursday,normal
2025-07-29,48,3.382113565121001,1787.555277474309,51850.96125,Tuesday,normal
2025-05-21,48,3.368276914101267,1288.277376996768,39683.520833333336,Wednesday,normal
2025-09-20,48,3.330842535285456,1237.5225205616798,37596.98875,Saturday,normal
2025-03-19,48,3.3217115097890986,1427.142454515915,40777.940416666665,Wednesday,ramazan
2025-07-26,48,3.3162803844763604,1630.465050369403,49158.28541666667,Saturday,normal
2025-05-26,48,3.278964715723142,1332.6520716801213,39499.34208333333,Monday,normal
2026-01-15,48,3.267477067452426,1532.9152287568274,45041.137500000004,Thursday,normal
2026-01-14,48,3.264660795349922,1563.149067080006,45506.277916666666,Wednesday,normal
2026-08-01,48,3.2577601060591745,1470.2704069791707,45961.99875,Saturday,normal
2025-04-09,48,3.2442673997604516,1287.8779108554224,40285.653333333335,Wednesday,normal
2025-10-28,48,3.236126782493887,1190.7488876949867,35736.200833333336,Tuesday,normal
2025-09-01,48,3.2345290401176405,1501.534368757304,45000.08791666667,Monday,normal
2025-03-02,48,3.193027816207726,1074.569698253223,34723.12583333333,Sunday,ramazan
2026-01-26,48,3.1450659762413196,1365.1594336450119,41962.77166666667,Monday,normal
2025-02-07,48,3.124949537971387,1449.7811365974612,43612.293750000004,Friday,normal
2025-07-07,48,3.1083472155684078,1432.4325366264102,45816.29791666666,Monday,normal
2025-04-04,48,3.0986381479387766,1080.4418560110962,36385.19416666667,Friday,normal
2026-01-28,48,3.0939782021454327,1334.063847006704,42738.03,Wednesday,normal
2025-04-07,48,3.067321725916225,1081.9666953398032,38318.315833333334,Monday,normal
2026-01-21,48,3.0610608032052755,1549.2136670891534,46631.71625,Wednesday,normal
2025-06-28,48,3.056017433698177,1366.1082597964134,44045.02958333333,Saturday,normal
2026-08-13,48,3.055507255535783,1621.4138693299635,51201.67249999999,Thursday,normal
2026-07-27,48,3.038534258334836,1338.5056994726003,45467.435,Monday,normal
2025-06-27,48,3.033977635655505,1397.8629172960445,46175.09583333333,Friday,normal
2025-05-16,48,3.03133380329767,1186.8033424196472,39006.4825,Friday,normal
2025-04-20,48,3.0240228830877434,998.3240212064508,33053.53333333333,Sunday,normal
2025-07-28,48,3.0232062481163022,1619.9384308013812,50824.93375,Monday,normal
2025-04-12,48,3.0215525264331635,1201.7367878384737,39309.035833333335,Saturday,normal
2025-04-11,48,2.988620987334842,1267.6110439576535,40996.9,Friday,normal
2025-04-27,48,2.9845678669762403,937.2945478724447,32636.952916666665,Sunday,normal
2025-09-12,48,2.9527583613823154,1297.5366595456212,43398.75666666667,Friday,normal
2025-03-10,48,2.8941414877484704,1110.6756104169117,38177.13416666666,Monday,ramazan
2026-02-19,48,2.8817170848392695,1144.4328283316986,41957.440416666665,Thursday,ramazan
2025-10-29,48,2.8794985329853264,923.4186238491242,33202.22041666667,Wednesday,resmi
2025-04-30,48,2.8711261388735796,1157.146217674641,38880.2475,Wednesday,normal
2026-01-08,48,2.8244676245065317,1281.5648845514597,42781.042083333334,Thursday,normal
2026-05-28,48,2.81978893803781,750.3190677681487,27107.989166666666,Thursday,"bayram,arife,after,arefe-1"
2026-05-02,48,2.8194771944261645,980.1923299102332,35358.32833333333,Saturday,normal
2025-01-07,48,2.813807267074319,1143.3320022315431,41406.12333333333,Tuesday,normal
2025-02-10,48,2.802044345249334,1287.012316431185,42836.394166666665,Monday,normal
2026-02-20,48,2.797289553272931,1110.7745745492546,40886.23625,Friday,ramazan
2025-07-15,48,2.7905214087933725,1267.8321645752035,44475.457083333335,Tuesday,resmi
2026-07-22,48,2.777078995334954,1440.3428864144769,50967.82750000001,Wednesday,normal
2025-10-03,48,2.7734754067317584,1118.6879906921843,38718.14958333333,Friday,normal
2026-07-31,48,2.7663286618727647,1357.3917168686392,48049.05416666667,Friday,normal
2025-02-06,48,2.7644595176657547,1266.3366681443317,43501.120416666665,Thursday,normal
2025-04-22,48,2.763309477720046,1112.4185932061353,38292.574166666665,Tuesday,normal
2025-07-25,48,2.762525031642465,1463.8194457307025,51715.34375,Friday,normal
2026-08-10,48,2.7575589494400297,1429.4102511488709,49833.6025,Monday,normal
2025-09-14,48,2.7508524754867305,1015.7328309566459,37328.95875,Sunday,normal
2025-03-05,48,2.745838299393783,1124.3999896491234,40250.72041666667,Wednesday,ramazan
2026-01-02,48,2.73059502091751,1217.6045295044696,41923.885,Friday,bridge
2025-04-05,48,2.7215522155620824,941.9675151357997,35489.10333333333,Saturday,normal
2025-03-21,48,2.707605490175325,1135.977088922481,41573.059583333335,Friday,ramazan
2025-05-02,48,2.6865534633051937,963.8576356771176,36750.48666666667,Friday,bridge
2026-01-27,48,2.652484963469617,1135.9874606928572,43051.9825,Tuesday,normal
2025-04-23,48,2.6438969563112544,923.3641417996238,35001.32916666667,Wednesday,resmi
2025-02-11,48,2.6253778268206793,1176.4849084187708,43902.207916666666,Tuesday,normal
2026-01-22,48,2.620665667124934,1251.387989494912,46056.43791666667,Thursday,normal
2026-01-10,48,2.6186595192340376,1105.9155528923204,40821.04958333333,Saturday,normal
2025-03-23,48,2.578625421516381,947.4058432232674,35110.652500000004,Sunday,ramazan
2025-06-17,48,2.5694705375115126,984.782998794084,41726.33666666666,Tuesday,normal
2026-03-27,48,2.539292091428593,1038.986901707607,39976.17625,Friday,normal
2026-05-31,48,2.5392847050905747,721.2623016098472,29950.7675,Sunday,after
2025-10-20,48,2.530296229972864,932.0801027683011,37299.479583333334,Monday,normal
2025-03-24,48,2.520662929597833,1031.447895890763,39580.681666666664,Monday,ramazan
2026-06-14,48,2.5081394189115658,844.3383378940767,34294.730416666665,Sunday,normal
2025-01-15,48,2.495283886147252,1120.0448145083872,42522.34916666667,Wednesday,normal
2026-06-03,48,2.484909457978503,1015.5246490792546,39406.01833333333,Wednesday,normal
2025-09-23,48,2.484458746876745,1033.1077435055038,40385.60958333333,Tuesday,normal
2026-01-19,48,2.467249383712896,1178.03791036851,45183.62291666667,Monday,normal
2025-04-24,48,2.4523970299561353,962.7944252843091,38009.909166666665,Thursday,normal
2025-01-08,48,2.448539702137324,1042.5317650690615,41079.1575,Wednesday,normal
2026-01-25,48,2.4475341891312823,929.371883780362,36711.29083333333,Sunday,normal
2025-09-07,48,2.4267719311132105,922.411640713899,37787.06958333334,Sunday,normal
2026-06-04,48,2.426757748043168,983.814999856893,40043.4775,Thursday,normal
2025-10-31,48,2.4235865785437767,883.6737494191601,37731.815,Friday,normal
2026-01-12,48,2.4224094726042336,1205.226082420685,44014.77333333334,Monday,normal
2025-09-04,48,2.4208903324265028,1185.0343673888433,46311.763750000006,Thursday,normal
2026-08-11,48,2.415002552435547,1231.6337828052735,50719.83083333333,Tuesday,normal
2026-05-30,48,2.3961452367949274,675.5305393559933,28307.456666666665,Saturday,"bayram,after"
2025-06-13,48,2.3905481226082137,1057.0323465144936,42099.56333333333,Friday,normal
2025-02-27,48,2.3651189170698883,1026.8450124780375,42401.01125,Thursday,normal
2025-05-08,48,2.3637461292543955,891.3243566730571,38627.01458333333,Thursday,normal
2026-01-18,48,2.3632932600606007,886.0485070770643,38642.815833333334,Sunday,normal
2025-07-30,48,2.349803166900857,1256.6541978625678,51611.64875,Wednesday,normal
2026-04-05,48,2.34255355463589,791.6712197605237,33831.067083333335,Sunday,normal
2025-03-06,48,2.31982288164745,942.5725846292048,39981.67333333333,Thursday,ramazan
2025-05-19,48,2.3136051613498467,762.0239529315817,34333.183333333334,Monday,resmi
2025-08-03,48,2.2979054109387027,980.1363139419273,42140.018749999996,Sunday,normal
2025-01-02,24,2.291771703150783,888.4152320662553,39723.33416666667,Thursday,normal
2026-07-04,48,2.28355883654837,1044.193091990447,45453.53416666667,Saturday,normal
2025-02-04,48,2.262793624603024,984.471908737427,42092.769166666665,Tuesday,normal
2025-03-18,48,2.2591395408133677,931.4358007105188,39095.833333333336,Tuesday,ramazan
2026-04-23,48,2.233960155523089,828.4822610303257,36043.97875,Thursday,resmi
2025-10-30,48,2.2156142361914357,789.5110280632058,37184.65708333333,Thursday,normal
2026-07-16,48,2.2135493969309477,1118.2339920842448,48483.473750000005,Thursday,normal
2026-05-01,48,2.2116529663656475,752.2145040883864,34835.6775,Friday,resmi
2025-10-01,48,2.19425912288237,794.9495280158375,38174.79458333333,Wednesday,normal
2026-07-23,48,2.1765056215550205,1113.4616971940206,50200.11625,Thursday,normal
2026-03-03,48,2.175714280981158,936.1612667087669,42220.70125,Tuesday,ramazan
2025-12-04,48,2.159102962722548,960.5675800276027,41858.19875,Thursday,normal
2026-03-09,48,2.1590596342809243,896.5088949052787,40810.4975,Monday,ramazan
2025-02-09,48,2.1521700016797474,821.8885751217573,36615.412083333336,Sunday,normal
2025-06-03,48,2.1415091827386106,804.9639177976111,37297.004583333335,Tuesday,normal
2026-08-08,48,2.1378562684909825,1072.1467567956079,48211.34,Saturday,normal
2025-02-22,48,2.131280171331813,916.9683801102409,41300.393749999996,Saturday,normal
2026-05-19,48,2.122442981796184,811.7470730827393,36793.388333333336,Tuesday,resmi
2025-03-27,48,2.1206894275357997,811.2405757722969,38272.79791666667,Thursday,ramazan
2026-01-17,48,2.1193285732906175,929.0876049000168,42655.24208333334,Saturday,normal
2025-10-27,48,2.1179054460846,786.5843979129837,36192.12875,Monday,normal
2025-06-14,48,2.1165664131855335,867.4342920688396,39870.31375,Saturday,normal
2025-02-23,48,2.1156936540935543,826.0160208986598,37337.394166666665,Sunday,normal
2025-09-15,48,2.1045690901256364,939.0437904921286,41972.940833333334,Monday,normal
2026-01-13,48,2.099638144150881,1042.4732127364953,45304.855,Tuesday,normal
2026-02-15,48,2.090579758153395,718.6384278523441,33836.28833333334,Sunday,normal
2026-02-18,48,2.088012679645367,929.5359027935327,42458.02875,Wednesday,ramazan
2026-04-26,48,2.082931942571208,677.8861628714105,32232.667083333334,Sunday,normal
2025-11-09,48,2.0821485845374057,691.7182378889202,32348.86,Sunday,normal
2026-02-25,48,2.08162660989008,871.1112972365723,42565.113333333335,Wednesday,ramazan
2026-08-09,48,2.0789476043904664,924.4375974946871,43753.44166666667,Sunday,normal
2025-02-12,48,2.077538403273612,947.371258639787,43869.24,Wednesday,normal
2026-01-29,48,2.0703630981164864,911.6968920516657,42552.409583333334,Thursday,normal
2026-08-12,48,2.046001335183639,1078.2611569488092,50887.55875,Wednesday,normal
2026-04-06,48,2.04596418468361,804.1247402237226,37756.32041666667,Monday,normal
2025-03-03,48,2.0189223757660666,784.603707611098,40973.472916666666,Monday,ramazan
2026-01-16,48,2.0124558419772764,892.3462520103877,44491.8225,Friday,normal
2026-04-22,48,2.0057505517251735,831.6801610644561,39081.393749999996,Wednesday,normal
2025-01-10,48,2.0017333078196233,807.3731264258814,40802.755,Friday,normal
2025-09-05,48,1.9982909952488905,973.5197940782914,45866.91291666666,Friday,normal
2026-06-06,48,1.9963798107663233,767.9432815829604,38312.168750000004,Saturday,normal
2026-05-23,48,1.9888139413790584,721.448913411838,36402.425833333335,Saturday,normal
2026-02-23,48,1.9876781787755762,757.9110286376499,41085.591250000005,Monday,ramazan
2025-08-28,48,1.9706607960951683,947.4516750864173,46371.82874999999,Thursday,normal
2025-12-27,48,1.9675274734534727,850.6831210547925,41388.16625,Saturday,normal
2025-09-26,48,1.9635192259035785,767.0341692262083,40138.28833333334,Friday,normal
2026-05-24,48,1.9611717442074619,633.0145153260149,32763.285,Sunday,normal
2026-01-23,48,1.9549421766325858,829.8021962660474,44255.78166666667,Friday,normal
2026-03-02,48,1.947985265802292,812.8704578544115,41294.39666666667,Monday,ramazan
2026-07-15,48,1.94656881878004,879.0131838802245,44364.6675,Wednesday,resmi
2025-04-19,48,1.9444381902547858,737.3306964858051,36867.059166666666,Saturday,normal
2026-08-03,48,1.9401161118269812,898.8982012193218,48526.125,Monday,normal
2025-07-18,48,1.9218335016555528,934.9434983332053,48605.292083333334,Friday,normal
2025-05-18,48,1.900780744257274,631.1195101136267,33538.87791666667,Sunday,normal
2025-07-03,48,1.89720188211887,861.5825197449914,44062.329999999994,Thursday,normal
2025-06-23,48,1.8926570443659818,819.4696310946123,41811.80458333333,Monday,normal
2026-05-15,48,1.8889710333668057,739.649416149713,38948.056666666664,Friday,normal
2026-03-26,48,1.887393751555518,808.4645675137052,41022.447916666664,Thursday,normal
2025-04-25,48,1.8858491780341833,718.5937294202164,38310.519583333335,Friday,normal
2025-12-21,48,1.885501177953434,703.1743209579191,36797.03166666667,Sunday,normal
2026-03-15,48,1.8798600609505074,682.2272103627685,36273.229583333334,Sunday,ramazan
2026-03-10,48,1.8765363954491294,799.972590519098,41536.29833333333,Tuesday,ramazan
2026-05-22,48,1.8757559238127473,732.4813894100098,38330.200000000004,Friday,normal
2025-09-24,48,1.8746552162072312,767.3657541135593,40639.23333333333,Wednesday,normal
2026-07-05,48,1.8737920570162216,741.3788597843646,40293.61,Sunday,normal
2025-03-22,48,1.872383552065208,757.403385356003,39099.5225,Saturday,ramazan
2025-09-21,48,1.8688306241286057,641.6951188241663,34020.652083333334,Sunday,normal
2026-04-08,48,1.8670013187667573,752.236166652399,39438.06083333333,Wednesday,normal
2025-04-21,48,1.8631711051077742,643.9253540555593,37394.60791666667,Monday,normal
2026-02-24,48,1.8572487644722262,748.9141091268389,41389.875,Tuesday,ramazan
2025-08-04,48,1.8568698650542155,824.1248314991184,47462.895416666666,Monday,normal
2026-07-14,48,1.855062379848115,886.9578563367754,47619.53333333333,Tuesday,normal
2026-03-07,48,1.8383102422873303,751.0712820135603,40044.22583333334,Saturday,ramazan
2026-07-02,48,1.8327676382334415,893.9390265592851,48172.520833333336,Thursday,normal
2026-04-09,48,1.830410734550482,741.1781081793301,40248.56375,Thursday,normal
2025-11-16,48,1.8250458445176223,642.6113849471416,33921.105416666665,Sunday,normal
2025-07-16,48,1.8164457097896,867.8291782753427,47532.144583333335,Wednesday,normal
2025-06-15,48,1.8140821368260955,655.8383962168,35739.64875,Sunday,normal
2026-04-15,48,1.81358078112664,704.7976688278028,38757.09875,Wednesday,normal
2026-03-30,48,1.8123942528669048,748.1722617721657,40613.75666666667,Monday,normal
2026-03-25,48,1.801685323260014,743.0422649496421,41075.480416666665,Wednesday,normal
2025-09-08,48,1.8007519607759,719.4624415705434,42079.145,Monday,normal
2025-04-10,48,1.7998930237198254,717.9506036169847,40056.916666666664,Thursday,normal
2025-04-13,48,1.7997859776976275,629.0313329158724,34952.28625,Sunday,normal
2025-12-14,48,1.7858944295599095,641.526760230081,35917.40625,Sunday,normal
2026-02-14,48,1.7834152145772126,700.9286367294059,38520.987499999996,Saturday,normal
2025-10-19,48,1.783163835162431,601.2669164264657,32800.70333333333,Sunday,normal
2026-06-27,48,1.7682941522541835,802.0209097855217,43397.29791666667,Saturday,normal
2026-07-03,48,1.7656386749703474,870.8098319951146,48202.704999999994,Friday,normal
2025-07-20,48,1.764848188256856,719.9205688735038,41671.497083333335,Sunday,normal
2025-08-09,48,1.7642500452670777,859.0135988289604,47804.698333333334,Saturday,normal
2025-03-11,48,1.7642065311213873,678.9262818943688,38743.17083333333,Tuesday,ramazan
2025-08-11,48,1.745888597634643,850.8771104303559,49277.855416666665,Monday,normal
2026-02-17,48,1.7420025444153866,739.0245625172274,41020.556666666664,Tuesday,normal
2026-05-05,48,1.7398595137047421,682.78537806574,39860.85041666667,Tuesday,normal
2026-06-19,48,1.7384109529573155,708.7944894774192,41620.5525,Friday,normal
2026-04-07,48,1.7369231003171688,656.2023841864973,38778.96708333333,Tuesday,normal
2025-01-03,48,1.7359534944960366,703.962438968873,40528.244166666664,Friday,normal
2026-06-05,48,1.7341126428985023,686.7833087790458,40334.42375,Friday,normal
2025-12-05,48,1.733115426918899,754.2412162286723,41575.79916666667,Friday,normal
2025-08-10,48,1.7318083187172577,761.8276176594431,44315.65208333333,Sunday,normal
2025-01-13,48,1.7289369398367072,776.9287633649923,41566.385,Monday,normal
2026-04-25,48,1.7284806288785373,631.5374583617771,35947.027083333334,Saturday,normal
2026-06-07,48,1.7256774234915937,590.6494264026697,34956.29875,Sunday,normal
2025-08-08,48,1.724128382641329,872.7543708964673,49924.200000000004,Friday,normal
2025-02-08,48,1.7173211713444332,719.8074260955877,40629.864166666666,Saturday,normal
2025-05-04,48,1.7158681510773872,556.9740982778219,32294.09708333333,Sunday,normal
2026-08-14,48,1.712610007603077,858.1666779451997,49725.947916666664,Friday,normal
2025-11-04,48,1.7125970043696837,671.2057618561417,38337.75125,Tuesday,normal
2025-05-17,48,1.7094492817026306,638.7031227226626,37390.325000000004,Saturday,normal
2026-05-11,48,1.7088948771644636,620.0908640186981,37458.67791666667,Monday,normal
2026-06-08,48,1.7082097875216702,718.7721927698689,40212.26875,Monday,normal
2026-07-06,48,1.7071801635489139,787.3795183814933,45299.84958333333,Monday,normal
2025-07-19,48,1.7032068451700237,779.3209856229782,45704.81541666667,Saturday,normal
2026-03-29,48,1.7010711149619893,604.656886493919,35641.92291666667,Sunday,normal
2025-12-02,48,1.7003672275244588,721.036037310114,41287.255,Tuesday,normal
2025-07-02,48,1.699033586851299,736.7742849049731,44867.12125,Wednesday,normal
2025-06-01,48,1.6965918971949272,546.1000071012014,32624.433333333334,Sunday,normal
2025-01-05,48,1.6919913863929257,601.9296524369656,35427.57041666666,Sunday,normal
2025-02-28,48,1.6854354988515847,702.1080357818815,41865.43083333333,Friday,normal
2026-08-17,48,1.682564635274753,746.0077329955444,46349.89958333334,Monday,normal
2026-04-12,48,1.6824987137716343,587.616697620693,34576.93708333333,Sunday,normal
2025-09-10,48,1.681335963420478,767.0285497859312,43335.33666666666,Wednesday,normal
2025-08-31,48,1.6731695683468686,687.538243818205,38903.43916666667,Sunday,normal
2026-02-12,48,1.6711513174215995,746.1281738763588,42497.06541666667,Thursday,normal
2025-07-24,48,1.6664980122056943,907.1119912700636,51733.41583333333,Thursday,normal
2026-04-04,48,1.6582259495587233,624.1788348881129,38146.31958333334,Saturday,normal
2025-06-26,48,1.6573707402765516,715.0457317286899,45627.11875,Thursday,normal
2025-02-03,48,1.6550259512943029,652.5075798069208,40145.57541666667,Monday,normal
2026-01-03,48,1.648705800880933,660.8722670718613,40902.67166666667,Saturday,normal
2026-07-29,48,1.638029737909194,810.866972833324,47994.910833333335,Wednesday,normal
2025-02-13,48,1.6374596718499559,733.2213541127139,43628.21958333333,Thursday,normal
2026-02-26,48,1.6359145195679188,715.8884009084214,43292.12375,Thursday,ramazan
2026-01-20,48,1.6346937762385993,756.0783580824872,46034.93916666667,Tuesday,normal
2025-07-31,48,1.6341063595298035,850.6647284872196,50889.23,Thursday,normal
2025-03-14,48,1.63260124863615,611.6994105717,37448.99916666667,Friday,ramazan
2025-11-15,48,1.625778379365065,640.6207415828106,37570.53333333333,Saturday,normal
2025-07-08,48,1.625005202170225,738.2756075969379,47537.79583333333,Tuesday,normal
2025-08-17,48,1.6195879370024242,686.4197883851881,41449.78958333333,Sunday,normal
2025-06-22,48,1.618993526037641,594.0935305790484,36622.71375,Sunday,normal
2025-05-06,48,1.611824500413212,578.4409571246292,38007.074166666665,Tuesday,normal
2026-06-26,48,1.6101682930640075,734.0625565708318,45513.277916666666,Friday,normal
2026-07-21,48,1.6089401358675781,829.7293713316207,50347.229166666664,Tuesday,normal
2025-01-12,48,1.6062235892945873,581.7423874780227,35450.71833333333,Sunday,normal
2025-03-28,48,1.6056305415904177,603.5309580623848,37338.50083333333,Friday,"arefe-1,ramazan"
2025-01-06,48,1.6028700923292982,685.952185360677,40579.392916666664,Monday,normal
2025-12-06,48,1.5996172769348063,667.125375578946,39348.50708333334,Saturday,normal
2026-05-16,48,1.5975649562641019,599.2368465384816,37470.1675,Saturday,normal
2026-05-06,48,1.5860405962897783,625.7246080271561,38863.71916666667,Wednesday,normal
2026-06-25,48,1.5793941635141682,754.4185308595803,45104.00625,Thursday,normal
2026-03-14,48,1.5719183146173028,628.4547851592935,40147.066249999996,Saturday,ramazan
2025-05-15,48,1.569286108257885,636.1204629756525,38457.3725,Thursday,normal
2025-05-07,48,1.5684385748051046,626.7289884391769,38607.357083333336,Wednesday,normal
2026-07-13,48,1.5683226169849531,755.716832275882,46970.98583333333,Monday,normal
2025-12-13,48,1.5658549939091742,607.9617709018297,39813.369166666664,Saturday,normal
2025-12-15,48,1.560167703931059,671.2501406099988,42004.39208333333,Monday,normal
2025-12-28,48,1.5595374155745574,594.2976579055209,37521.872083333335,Sunday,normal
2025-06-30,48,1.5546554425346593,671.0127177642102,42599.29916666667,Monday,normal
2026-02-04,48,1.5529193231304046,659.9521176274662,42632.655,Wednesday,normal
2025-03-16,48,1.5523322195979452,487.10174254089543,32119.790833333333,Sunday,ramazan
2026-04-30,48,1.5497313345974097,597.0480498144399,38100.871250000004,Thursday,normal
2025-04-29,48,1.541413397734038,622.9072474981299,39048.05333333334,Tuesday,normal
2025-10-06,48,1.5373637932870026,566.6975619658696,37236.57166666666,Monday,normal
2026-04-10,48,1.5351923537909826,627.4448038617719,40570.841250000005,Friday,normal
2026-03-12,48,1.5329933594755232,646.8946879101785,41678.15125,Thursday,ramazan
2025-12-26,48,1.5326825857996142,670.7198672998753,43064.43583333333,Friday,normal
2025-08-29,48,1.5303255190698064,721.8992597285501,45761.947916666664,Friday,normal
2026-04-21,48,1.5296648360437126,592.7212274658749,38291.87583333333,Tuesday,normal
2025-10-04,48,1.5248872723775577,572.5406130803667,36513.042916666665,Saturday,normal
2026-02-27,48,1.5119505696230824,675.0205763384748,43774.97875,Friday,ramazan
2025-08-23,48,1.51070750082359,718.8217361203073,45569.638750000006,Saturday,normal
2025-05-25,48,1.50627184801286,518.7324806405915,34711.96208333333,Sunday,normal
2026-04-24,48,1.504007197257522,572.195162325117,37680.878749999996,Friday,bridge
2026-07-01,48,1.5033677447140956,706.185579782869,47468.29833333333,Wednesday,normal
2026-04-19,48,1.4999497535274824,510.5826886255072,33675.42958333333,Sunday,normal
2025-09-27,48,1.4933284277223666,561.7370677653362,37753.46208333333,Saturday,normal
2025-03-26,48,1.4890827497590176,585.2307785551828,39098.5525,Wednesday,ramazan
2025-01-19,48,1.4825810486872382,529.9522327951648,35260.815416666665,Sunday,normal
2025-05-11,48,1.4793343886650254,485.64727012352637,33353.09166666667,Sunday,normal
2025-09-11,48,1.478783655620738,648.0649319238884,43293.55416666667,Thursday,normal
2026-07-11,48,1.4776263281507889,678.3526483015949,44776.01666666666,Saturday,normal
2025-12-03,48,1.4775980071354358,615.4773764692592,41436.53833333334,Wednesday,normal
2026-04-18,48,1.476036104338518,548.297545105919,37363.32208333333,Saturday,normal
2025-08-16,48,1.4708544088204212,699.0337736139794,45679.207083333335,Saturday,normal
2025-03-07,48,1.4672327864470054,584.5149163699344,39347.309583333335,Friday,ramazan
2026-06-30,48,1.4633270606265782,723.8997839901502,47011.57541666667,Tuesday,normal
2026-03-04,48,1.4596213291675706,630.6867272719028,41981.1175,Wednesday,ramazan
2025-10-21,48,1.4534618937186188,573.8783893363943,38381.28416666667,Tuesday,normal
2025-05-29,48,1.447668989579946,575.058245701471,39149.93208333333,Thursday,normal
2026-06-22,48,1.4432962179762188,647.0924085899107,42262.676666666666,Monday,normal
2025-01-22,48,1.4432255977465747,640.4030386439439,42417.16333333334,Wednesday,normal
2026-03-17,48,1.4384179072256178,559.8576765329116,40536.33833333333,Tuesday,"arefe-1,ramazan"
2026-02-10,48,1.4380517759773117,631.911575429783,42991.31,Tuesday,normal
2025-01-09,48,1.4338062736671757,603.1570626170623,41034.695,Thursday,normal
2025-11-13,48,1.4325427488446234,573.945414654745,39376.51291666667,Thursday,normal
2025-04-14,48,1.432226529002769,571.3021407233281,39795.309583333335,Monday,normal
2025-03-25,48,1.4318715133263462,574.8646734153135,39408.05541666666,Tuesday,ramazan
2026-07-24,48,1.4312771344228932,705.5284605009033,48425.02333333334,Friday,normal
2026-02-01,48,1.4312156585656302,511.5764532235199,36050.375,Sunday,normal
2025-02-16,48,1.4294386424229903,515.7846336314695,34932.065833333334,Sunday,normal
2025-12-01,48,1.4232995072850005,607.3424427299141,39940.62541666667,Monday,normal
2025-01-21,48,1.4074146987526897,618.5764283136718,42345.933333333334,Tuesday,normal
2026-04-17,48,1.403056716286683,536.4610321399366,38927.6925,Friday,normal
2026-03-16,48,1.3889037500119594,571.4101490527979,40186.558333333334,Monday,ramazan
2025-08-01,48,1.386421455700245,677.1085858401175,49259.94041666667,Friday,normal
2025-10-02,48,1.3836159184014465,563.3603819214761,38480.61708333334,Thursday,normal
2026-01-05,48,1.3829936267327858,604.1828675524799,42157.43958333333,Monday,normal
2026-07-17,48,1.3824115113791262,684.4111699776117,48729.125,Friday,normal
2026-07-30,48,1.3822019175365685,697.8918292233171,48017.63166666666,Thursday,normal
2025-07-05,48,1.3816403788979426,568.9146652229269,42089.775,Saturday,normal
2026-02-28,48,1.3797128577091653,571.2187547767617,41032.568333333336,Saturday,ramazan
2025-06-02,48,1.3765782504964224,491.9691788850418,36494.324166666665,Monday,normal
2025-08-20,48,1.3757797302896764,664.1212842574982,47660.215,Wednesday,normal
2025-05-12,48,1.3708539868119338,526.5656066385933,38025.8725,Monday,normal
2026-07-07,48,1.3703207518957516,610.6075564758086,46299.799999999996,Tuesday,normal
2026-08-06,48,1.3701185704867644,695.3435011475341,50798.333333333336,Thursday,normal
2025-06-25,48,1.3673998647315948,581.4495128251141,44509.9675,Wednesday,normal
2025-09-29,48,1.366390816723688,498.115220475167,38271.823333333334,Monday,normal
2026-07-12,48,1.3644468267953398,565.5654661400102,40868.31458333333,Sunday,normal
2026-08-18,24,1.3601525724857384,624.7428282314371,47435.769166666665,Tuesday,normal
2025-08-05,48,1.3597478843474917,650.9850521793496,49157.22375,Tuesday,normal
2025-05-30,48,1.3593292426533508,504.9718512170172,38349.74083333334,Friday,normal
2025-07-04,48,1.3568481298692514,604.3447920826346,43783.324166666665,Friday,normal
2025-06-29,48,1.3497153780304414,525.0485931326295,38697.5475,Sunday,normal
2025-05-27,48,1.342627025633166,516.1522821211609,39877.1575,Tuesday,normal
2025-10-13,48,1.337020746606412,468.44965514290834,36634.17125,Monday,normal
2025-07-17,48,1.3347311931262789,635.3098926076082,48506.392916666664,Thursday,normal
2026-07-09,48,1.3340299727577873,633.9415377156321,46959.643749999996,Thursday,normal
2026-05-14,48,1.3322966354537724,541.1804465459794,39070.84916666667,Thursday,normal
2025-07-14,48,1.332035246063767,644.7615514132955,46447.71,Monday,bridge
2025-09-09,48,1.324125587900898,539.9614245125612,43050.22125,Tuesday,normal
2025-10-07,48,1.3203824576171381,512.2115702212761,38567.94541666666,Tuesday,normal
2026-04-01,48,1.3093163713874272,522.2902572190683,40096.474583333336,Wednesday,normal
2025-09-30,48,1.30824609985095,500.09676698888876,38914.379583333335,Tuesday,normal
2026-06-17,48,1.2901885602973335,570.9567529039014,42775.75708333334,Wednesday,normal
2026-05-17,48,1.2847534636582785,432.92189903031834,33877.76125,Sunday,normal
2026-06-18,48,1.2837918041517875,555.7764789262604,42805.47083333333,Thursday,normal
2025-05-10,48,1.2802910194894115,487.83491793010194,37336.277083333334,Saturday,normal
2025-12-16,48,1.2775256121955778,557.0365207674108,43179.145,Tuesday,normal
2026-03-06,48,1.2773485678929017,553.5638416638799,41762.347916666666,Friday,ramazan
2025-05-31,48,1.2767870280328706,449.73763195545826,36411.465416666666,Saturday,normal
2025-11-11,48,1.2715107998069213,499.33876427030395,38736.1,Tuesday,normal
2025-01-04,48,1.271063921088072,499.3156101425507,39159.715833333335,Saturday,normal
2025-11-17,48,1.2659723069108662,486.3786423805177,38667.22625,Monday,normal
2025-01-20,48,1.2586062714032518,518.1425470562641,40947.59291666667,Monday,normal
2026-04-20,48,1.2580882123733799,475.6653887157561,37805.635,Monday,normal
2025-10-12,48,1.2575665074745788,414.00724404383226,32542.469583333335,Sunday,normal
2026-05-09,48,1.2533157911678523,461.18314606570044,36838.93916666667,Saturday,normal
2026-03-01,48,1.2518632702335444,460.80604939111413,36771.129166666666,Sunday,ramazan
2025-05-09,48,1.2505540907895802,470.2252366651856,38344.38625,Friday,normal
2025-04-28,48,1.2460899099902885,446.15244808167085,37330.96625,Monday,normal
2025-08-30,48,1.2427198471408103,505.814320913317,40992.175833333335,Saturday,resmi
2025-02-19,48,1.242023682726866,555.396871524195,42682.699583333335,Wednesday,normal
2026-02-02,48,1.2392222293198591,528.1653571879847,42001.644583333335,Monday,normal
2026-05-13,48,1.2361528632838532,497.37707569115145,38753.42416666667,Wednesday,normal
2025-02-24,48,1.235660730495853,517.7974977604557,43072.85916666667,Monday,normal
2025-12-22,48,1.2230497784450225,531.4434383150237,42086.449166666665,Monday,normal
2026-06-20,48,1.2227992909987964,488.9295363172835,39664.068333333336,Saturday,normal
2025-02-26,48,1.2163512400239307,546.7039005076168,43330.54,Wednesday,normal
2025-03-13,48,1.2126758237120945,456.5690702367542,38130.09875,Thursday,ramazan
2025-03-12,48,1.2090411136421972,461.4610293291662,38444.746250000004,Wednesday,ramazan
2025-01-16,48,1.2075821614071576,534.6049784727853,42501.99875,Thursday,normal
2025-11-18,48,1.2027848203104143,480.0243798248473,39363.677083333336,Tuesday,normal
2026-01-07,48,1.202545582438287,511.6287969521979,42270.80541666666,Wednesday,normal
2026-02-11,48,1.2024942234951086,532.7743096512177,42523.32041666666,Wednesday,normal
2026-03-13,48,1.202412944042787,501.1335950285338,41634.08458333334,Friday,ramazan
2025-08-27,48,1.2020138308698272,564.7966276843343,46145.905,Wednesday,normal
2025-11-29,48,1.201114209062476,471.3192087461802,38249.08,Saturday,normal
2026-06-21,48,1.2002336022253806,435.0939293878567,36127.957083333335,Sunday,normal
2025-12-11,48,1.1987626645689538,532.3436659895773,42402.26,Thursday,normal
2025-07-21,48,1.198027982817602,573.0506935180747,48255.48291666667,Monday,normal
2026-06-28,48,1.1965587333511734,469.65217685211127,38752.19666666666,Sunday,normal
2025-05-22,48,1.1928070780110753,468.82132462299614,40117.823333333334,Thursday,normal
2025-03-17,48,1.1906678681044915,426.31861699707207,36716.41541666666,Monday,ramazan
2026-04-27,48,1.186592531732389,411.6711750316019,36842.644583333335,Monday,normal
2026-04-29,48,1.1851300837892615,454.21641722737894,38011.22416666667,Wednesday,normal
2026-01-11,48,1.1807108965929585,441.16087720119464,37153.06458333333,Sunday,normal
2026-07-28,48,1.1755607304782452,558.5592076556554,48108.24333333334,Tuesday,normal
2026-02-16,48,1.17484479706339,484.45703855034253,39102.65375,Monday,normal
2026-07-10,48,1.174516031909876,566.2328113300196,46798.68041666667,Friday,normal
2025-06-18,48,1.160916826630124,487.59611888357176,42281.02375,Wednesday,normal
2025-12-29,48,1.1607508481018571,499.4784248038349,42906.6675,Monday,normal
2026-02-03,48,1.1604556126186434,487.48287627799755,43106.23666666667,Tuesday,normal
2025-07-12,48,1.158909303785437,544.9446793394233,45795.84666666667,Saturday,normal
2025-05-24,48,1.1530419898293278,461.47030477530024,38911.44,Saturday,normal
2026-08-16,48,1.1506736571772762,483.58569779570024,41237.909999999996,Sunday,normal
2025-10-17,48,1.1482166358286012,419.915587570285,38026.902500000004,Friday,normal
2025-04-15,48,1.1467825706083754,458.7722794802332,39776.596666666665,Tuesday,normal
2025-04-26,48,1.1446815481413524,421.31494645226695,36650.02958333333,Saturday,normal
2025-08-13,48,1.13841741636657,565.6691796614863,49957.68083333334,Wednesday,normal
2026-08-05,48,1.1383408148150476,591.9402983943802,50393.395416666666,Wednesday,normal
2025-12-09,48,1.1376885500396097,488.99989495572214,42191.229583333334,Tuesday,normal
2026-05-18,48,1.1370750275632309,445.5380285817114,37941.918750000004,Monday,bridge
2025-01-30,48,1.1332337156950074,469.2409541320976,41389.24791666667,Thursday,normal
2025-11-08,48,1.132632535246073,423.88710662164794,36272.5225,Saturday,normal
2025-07-22,48,1.129062694581443,549.6414135864308,49964.66458333333,Tuesday,normal
2025-07-11,48,1.1260052886860694,542.5261992625642,47467.13791666667,Friday,normal
2026-03-31,48,1.124456565249992,461.46278850615664,40402.565416666665,Tuesday,normal
2025-08-02,48,1.1242767497472406,529.665226660707,46693.00375,Saturday,normal
2026-06-29,48,1.1216982449543438,528.1198626636249,44780.92458333333,Monday,normal
2026-01-06,48,1.119790772055923,469.2055580129313,42764.698333333334,Tuesday,normal
2025-02-01,48,1.1165677577024224,446.22103831128044,38479.122083333335,Saturday,normal
2026-04-13,48,1.1132508310934792,427.6950289105189,39025.72791666666,Monday,normal
2026-07-08,48,1.1117226576278305,518.8494508338214,46660.02916666667,Wednesday,normal
2025-11-14,48,1.108631255798352,439.56048535372275,39332.73458333333,Friday,normal
2025-11-30,48,1.1081056070054527,392.5997285802194,34710.85916666667,Sunday,normal
2025-09-25,48,1.1026792409663126,447.8345647277783,40600.14666666667,Thursday,normal
2025-03-15,48,1.1005570057833498,385.97315434220786,35942.57666666667,Saturday,ramazan
2025-01-14,48,1.0950878949382805,490.26070262373315,42396.511666666665,Tuesday,normal
2026-03-11,48,1.0937828099876434,462.54058554768517,41342.924999999996,Wednesday,ramazan
2025-12-07,48,1.0934440356882753,400.69640237911557,35391.40375,Sunday,normal
2025-02-17,48,1.0901752396899287,424.86075370082364,40757.962916666664,Monday,normal
2025-12-10,48,1.0895978676475437,454.7758852500976,41917.96875,Wednesday,normal
2026-06-13,48,1.0895665103635082,430.12881235952113,38813.30541666667,Saturday,normal
2025-05-03,48,1.088791707703013,378.59989232417087,35683.41375,Saturday,normal
2025-01-28,48,1.082741192159852,451.35252018043974,41358.729166666664,Tuesday,normal
2025-07-01,48,1.0826228451011226,471.54805382272707,44774.918333333335,Tuesday,normal
2025-05-05,48,1.0775014187344316,381.9855507525094,36696.58375,Monday,normal
2025-07-23,48,1.0763447137347952,570.7167914084566,50970.549999999996,Wednesday,normal
2026-06-16,48,1.0726217726768204,466.467443300834,41960.95958333334,Tuesday,normal
2025-09-22,48,1.0683870098525718,436.10359925750623,38790.58583333333,Monday,normal
2025-12-12,48,1.0631353752367023,432.60936119844536,42082.36625,Friday,normal
2025-10-05,48,1.0624575343472336,349.39518531873335,32563.969583333335,Sunday,normal
2026-03-08,48,1.038886622952839,376.0711944816062,35873.20416666667,Sunday,ramazan
2026-02-08,48,1.037845521347393,392.75265369354634,35747.3725,Sunday,normal
2025-10-10,48,1.0360889258298613,396.0558350493702,37756.52958333333,Friday,normal
2026-04-16,48,1.0350648399578446,396.982378595708,38907.01375,Thursday,normal
2025-10-11,48,1.0343658622374599,382.1343069312245,36197.13791666667,Saturday,normal
2025-08-22,48,1.03119496751207,498.0359156558711,47566.7725,Friday,normal
2025-06-24,48,1.0308287306120592,428.5053782675991,43395.35875,Tuesday,normal
2025-10-22,48,1.0295875371736665,406.4694752666857,38366.081249999996,Wednesday,normal
2025-01-11,48,1.0237079529980215,405.30184223894713,39368.19666666666,Saturday,normal
2025-01-23,48,1.0164735558416973,454.11751914518055,42399.14625,Thursday,normal
2026-06-23,48,1.0160858445184169,449.9354668415037,43332.99916666667,Tuesday,normal
2025-08-06,48,1.014428099233435,492.5249726192619,50033.332916666666,Wednesday,normal
2025-04-18,48,1.0125116129912584,394.01491561715443,38291.98,Friday,normal
2026-08-04,48,1.011378433485559,488.0198557057277,49862.651249999995,Tuesday,normal
2026-02-05,48,1.0108629071396142,429.85268365751944,42657.21708333333,Thursday,normal
2025-02-18,48,1.0077756203340615,441.3061383571565,42118.112499999996,Tuesday,normal
2026-05-20,48,1.0071034822471325,396.23835079572706,38939.99208333333,Wednesday,normal
2026-07-20,48,1.0049812351714433,501.784886019774,48941.285833333335,Monday,normal
2025-11-12,48,1.003344487826524,397.13449858018,38861.32958333333,Wednesday,normal
2025-11-20,48,1.0030853178887764,400.7903938109598,39286.76375,Thursday,normal
2025-08-12,48,1.0006685174456629,518.581740083946,50047.03166666667,Tuesday,normal
2025-08-26,48,0.9936806638075216,472.6112600819453,46351.239583333336,Tuesday,normal
2025-01-17,48,0.9928470470611755,425.5558547726923,41779.9625,Friday,normal
2025-07-10,48,0.9925286417656997,462.2598620884892,47960.605833333335,Thursday,normal
2025-11-26,48,0.9884169572679496,414.5731461650948,40177.835,Wednesday,normal
2025-12-30,48,0.9863628559833889,427.91265707308594,43058.605833333335,Tuesday,normal
2025-05-14,48,0.9849438069863852,387.8410861008886,38757.525,Wednesday,normal
2025-12-20,48,0.9842558880703249,391.3340048967789,40445.9125,Saturday,normal
2026-06-24,48,0.9780513187151226,407.9449279773692,43810.88958333334,Wednesday,normal
2025-10-23,48,0.9776518702577262,393.4332286080327,38729.40666666667,Thursday,normal
2025-06-21,48,0.9761913224603589,403.04503240317064,41224.58708333333,Saturday,normal
2026-06-15,48,0.9706176802679162,383.86696813708767,40093.07,Monday,normal
2025-11-25,48,0.9656017205259045,404.10514938869716,40031.65625,Tuesday,normal
2025-08-18,48,0.9624564123957614,449.187905446431,46847.785833333335,Monday,normal
2025-12-25,48,0.9610616525709085,411.93033479286805,42900.308750000004,Thursday,normal
2026-01-30,48,0.9572132941568136,405.96116841211386,42424.30375,Friday,normal
2026-05-12,48,0.9550121320032483,352.3421430786262,38624.69541666666,Tuesday,normal
2025-02-21,48,0.9524560475683295,412.7882549641254,43499.19416666667,Friday,normal
2025-08-25,48,0.9504934450859386,429.2094749811511,45554.568333333336,Monday,normal
2026-05-21,48,0.9495144374627976,373.8536000329843,39143.4925,Thursday,normal
2025-08-07,48,0.9440350110544795,466.642491925802,49772.10333333333,Thursday,normal
2025-04-17,48,0.9327162236961825,365.147095646595,38543.60375,Thursday,normal
2025-06-20,48,0.9319055980426526,405.2123242205548,43200.10958333333,Friday,normal
2026-02-13,48,0.930448319574908,404.07299115203114,41968.70375,Friday,normal
2025-05-13,48,0.9304309634642771,345.4478919255536,38934.714583333334,Tuesday,normal
2025-09-16,48,0.9213351520971514,407.5341267994204,42762.89041666667,Tuesday,normal
2025-10-18,48,0.9168042378831421,326.05501176359286,36058.66291666667,Saturday,normal
2025-11-07,48,0.9164416254123159,353.2361982633524,38459.41583333333,Friday,normal
2026-07-19,48,0.9148227392829856,386.8769504239526,42730.43541666667,Sunday,normal
2026-01-04,48,0.9122943340600718,336.2004022311052,36691.56458333333,Sunday,normal
2026-02-06,48,0.911569078881923,387.86857729728536,42323.13625,Friday,normal
2025-01-31,48,0.9115188039504128,368.6761200057952,40924.38791666667,Friday,normal
2025-10-14,48,0.910157789107861,348.8547058650673,37738.019583333335,Tuesday,normal
2026-06-12,48,0.9101435555331018,392.1093546229152,41662.559583333335,Friday,normal
2026-05-08,48,0.9019818417723431,349.42126136746316,38288.44625,Friday,normal
2026-01-31,48,0.9014388993949062,357.36871031741276,40402.910416666666,Saturday,normal
2025-08-19,48,0.9011741209665339,420.1407563925566,47693.611666666664,Tuesday,normal
2025-04-16,48,0.8988055811867933,349.4368074577667,39121.2825,Wednesday,normal
2025-09-06,48,0.8984980866054828,377.3020260843925,42438.755833333336,Saturday,normal
2026-01-24,48,0.8947845989724263,373.59783100484174,41799.372083333335,Saturday,normal
2025-11-03,48,0.8916157599932736,325.06647079805344,37217.86875,Monday,normal
2025-02-02,48,0.8909290247699652,306.8558878957876,34640.4175,Sunday,normal
2026-07-18,48,0.8896174058061543,417.4478512009543,46798.47541666666,Saturday,normal
2025-06-19,48,0.8889419583608394,380.6206664289198,43173.129583333335,Thursday,normal
2025-05-23,48,0.8865585322843366,361.1589707125918,40300.700833333336,Friday,normal
2025-08-21,48,0.8857321208422092,418.3715345290204,47565.580416666664,Thursday,normal
2026-01-09,48,0.8848721920603403,382.35752000312397,43410.137500000004,Friday,normal
2025-09-18,48,0.8761569908587026,377.752333406134,41943.095,Thursday,normal
2025-12-17,48,0.8748496337356886,390.8446788209429,42822.441666666666,Wednesday,normal
2025-08-24,48,0.8737132450936533,362.9816509193136,41227.22416666667,Sunday,normal
2025-02-20,48,0.8727056711831049,362.127579769893,43565.48333333333,Thursday,normal
2025-12-08,48,0.8698356272865673,378.52149826225497,40919.948333333334,Monday,normal
2026-04-11,48,0.8624306500048898,331.77316601007834,38779.15083333333,Saturday,normal
2025-10-25,48,0.8538889032943006,294.44371105928286,36145.17083333333,Saturday,normal
2025-12-19,48,0.8533842418288877,358.41581179137256,42625.6925,Friday,normal
2025-01-18,48,0.8499237003022703,343.86737899067276,39689.221666666665,Saturday,normal
2025-02-14,48,0.8486348379669861,363.41152110469056,42634.160833333335,Friday,normal
2025-10-09,48,0.8480082726591321,345.72019912736846,38380.1075,Thursday,normal
2025-09-28,48,0.8398209363617205,286.76782528636653,33968.19666666666,Sunday,normal
2026-08-07,48,0.8394606995822552,437.22813811445513,50575.56083333333,Friday,normal
2025-11-05,48,0.8372980273532616,329.7445284275593,38513.222499999996,Wednesday,normal
2025-01-29,48,0.8277308551529328,344.48649931369056,41057.049166666664,Wednesday,normal
2025-11-28,48,0.824283933591555,334.71823473635646,40021.3275,Friday,normal
2025-08-15,48,0.8212872813498414,409.8134691842142,48897.22416666666,Friday,normal
2025-10-16,48,0.8163553323279076,317.36237338569845,38175.93208333333,Thursday,normal
2025-07-13,48,0.8159421672862727,339.14493282761214,41679.91583333333,Sunday,normal
2025-03-08,48,0.8118633578094379,316.3195956916232,37506.8125,Saturday,ramazan
2025-11-21,48,0.8117351085232557,323.45828718733424,39409.150416666664,Friday,normal
2025-11-23,48,0.8109454254273606,275.97166574345573,33625.43458333333,Sunday,normal
2026-03-05,48,0.8089901982342176,341.1537693545876,42004.487499999996,Thursday,ramazan
2025-11-24,48,0.7996255701238731,319.9905901945601,38724.6,Monday,normal
2025-12-23,48,0.7979701853841158,352.2122507343517,43193.32083333334,Tuesday,normal
2026-06-11,48,0.7872593638759958,317.96937495385396,41613.950000000004,Thursday,normal
2025-10-15,48,0.7855605138363262,295.7230881508362,37839.371666666666,Wednesday,normal
2025-11-10,48,0.7827279051848266,293.3770987110925,37337.60041666667,Monday,normal
2025-11-22,48,0.7818747221244786,295.55430503046864,37250.14916666667,Saturday,normal
2026-05-07,48,0.7796042996841713,286.7244131590234,38495.51833333333,Thursday,normal
2026-02-09,48,0.776018566997446,325.8874342693425,41088.61625,Monday,normal
2025-11-02,48,0.7722815270997905,246.87957419784803,32588.349166666667,Sunday,normal
2025-01-26,48,0.7709577412912644,265.0087062290093,35159.97083333333,Sunday,normal
2025-01-27,48,0.7587895158991612,320.04391162902306,40784.39791666667,Monday,normal
2026-06-10,48,0.757249882733266,319.41562523063175,41280.965000000004,Wednesday,normal
2025-08-14,48,0.7548306422401962,370.66075596321815,49650.09916666666,Thursday,normal
2025-11-27,48,0.7519289284038096,319.0801394243913,40174.996250000004,Thursday,normal
2025-10-24,48,0.7427777864278559,287.30495046535907,38243.56333333333,Friday,normal
2025-10-26,48,0.7377652119609618,242.0414583518541,32541.601249999996,Sunday,normal
2026-08-15,48,0.736469767836923,344.45659904491595,46153.371666666666,Saturday,normal
2025-01-24,48,0.7352379810760783,309.0440931897626,41470.8225,Friday,normal
2025-11-19,48,0.7327951620733956,284.49195509219027,39577.44666666666,Wednesday,normal
2025-09-17,48,0.7252682186356211,324.2064203838897,42630.92875,Wednesday,normal
2025-02-15,48,0.713887203869125,282.5829936962902,39535.098333333335,Saturday,normal
2025-12-18,48,0.7092935075063895,314.74158769942943,43119.66916666667,Thursday,normal
2025-11-01,48,0.7033341104190187,255.39298934082936,35939.415,Saturday,normal
2025-05-28,48,0.7011857387969743,268.63681575310744,39595.48333333333,Wednesday,normal
2026-04-28,48,0.697138549846977,269.57940099346155,38136.107083333336,Tuesday,normal
2025-07-09,48,0.6897135175510117,330.0772145546077,48184.715,Wednesday,normal
2026-06-09,48,0.6810520147094982,284.35455796303586,41109.300416666665,Tuesday,normal
2025-11-06,48,0.6762321619099917,260.4027093942846,38822.92833333334,Thursday,normal
2026-04-14,48,0.6715838510707638,270.5869895524759,39875.199583333335,Tuesday,normal
2025-02-25,48,0.641295098638361,283.86562051491774,44168.72625,Tuesday,normal
2025-12-24,48,0.6407155425019951,263.8842832102914,42580.50166666667,Wednesday,normal
2025-01-25,48,0.6277501983690951,256.51866025646285,39577.037083333336,Saturday,normal
2026-02-07,48,0.624808256113153,252.42339629344664,39826.965000000004,Saturday,normal
2025-10-08,48,0.5586470328953042,211.53965205116037,38193.21041666667,Wednesday,normal
