target_date,horizon,n,mape_pct,mae_mw,teias_lp_mape_pct,updated_at
2026-08-19,1,24,1.11,556.6,2.108,2026-08-25T16:48:22
2026-08-20,2,24,1.279,638.3,2.67,2026-08-25T16:48:22
2026-08-21,1,24,1.002,506.9,1.573,2026-08-25T16:48:22
2026-08-22,1,24,1.453,671.1,1.291,2026-08-25T16:48:22
2026-08-22,2,24,2.362,1115.1,1.199,2026-08-25T16:48:22
2026-08-23,1,24,0.75,324.8,1.355,2026-08-25T16:48:22
2026-08-23,2,24,4.196,1839.3,,2026-08-25T16:48:22
2026-08-24,1,24,4.426,2380.7,2.393,2026-08-25T16:48:22
2026-08-24,2,24,2.417,1249.5,2.393,2026-08-25T16:48:22
