tarih,gerceklesen_ort,t1_ort,t2_ort,teias_ort,t1_mape,t2_mape
2025-01-01,33308.168750000004,37202.01210298435,37010.672659291326,33089.583333333336,11.987508112032044,11.88877506369167
2025-01-02,39723.33416666667,38953.4899126256,40037.14473893542,40403.25,2.225211118975001,1.75759160495375
2025-01-03,40528.244166666664,40103.33807115383,40142.494998311464,39838.958333333336,1.1869274989668537,1.4622227665756953
2025-01-04,39159.715833333335,38782.313082103654,38999.80282105705,38258.708333333336,1.2653041030771972,1.0573735582424633
2025-01-05,35427.57041666666,35825.692983150955,35392.04325230089,34470.708333333336,1.5758439258870174,1.648244018625724
2025-01-06,40579.392916666664,40349.47605506544,40145.64558930208,40587.708333333336,1.354825984721538,1.2389433905341412
2025-01-07,41406.12333333333,40555.76478923531,39974.403782190304,41932.791666666664,2.155856110860872,3.482138910073166
2025-01-08,41079.1575,41536.37796402025,39140.924255498954,41725.541666666664,1.925935578046503,4.53681763525734
2025-01-09,41034.695,41815.59245726659,41446.396464565994,40854.125,1.928706068983609,1.3500462256128296
2025-01-10,40802.755,41168.60798468212,41787.29304960192,40310.916666666664,0.87581302472786,2.5053651901257985
2025-01-11,39368.19666666666,39478.9469743697,39497.564569246424,38441.75,1.043133439509357,0.7921520224172967
2025-01-12,35450.71833333333,35747.24059638447,36100.50974582207,34054.916666666664,1.3155068258246057,2.1242716698191972
2025-01-13,41566.385,40837.29877538109,40850.88966804486,40359.041666666664,1.7994744596320886,1.8590392540322196
2025-01-14,42396.511666666665,42332.44275335256,41651.91655141536,41004.916666666664,0.6600101432890618,1.6590781402181298
2025-01-15,42522.34916666667,41910.28163329971,41393.123727632395,42149.25,1.5030655559100443,2.5978222162211417
2025-01-16,42501.99875,42291.147387774974,41731.597974371136,43440.416666666664,0.807225494142176,1.85753387868765
2025-01-17,41779.9625,41988.17545265577,41775.52387385848,42735.041666666664,0.8718497883490058,0.6912082047249757
2025-01-18,39689.221666666665,39710.46047137873,40041.03111148346,40104.708333333336,0.6631905906363025,1.0852867599644214
2025-01-19,35260.815416666665,35547.44654595055,35587.9090877964,35047.666666666664,1.183544508109968,1.4032929741664857
2025-01-20,40947.59291666667,40955.437152782186,41323.042616123836,41205.333333333336,1.2231808465333462,1.2137122024983256
2025-01-21,42345.933333333334,41949.15071275096,41890.81937782185,40976.208333333336,1.3127408109075283,1.7823051006365258
2025-01-22,42417.16333333334,42240.90928529065,42084.14738980107,41373.666666666664,1.3370716039058752,1.3069629281222828
2025-01-23,42399.14625,42181.678914300064,42398.65675407557,41866.875,0.8472846958942396,1.1960169800407536
2025-01-24,41470.8225,41435.0942367746,41557.51784811238,41858.333333333336,0.7785978944828315,1.003549837401256
2025-01-25,39577.037083333336,39481.181283096135,39632.906117850514,39720.5,0.6032103115674631,0.6398290980225995
2025-01-26,35159.97083333333,35140.392962324746,35103.807298604,35788.208333333336,0.5830663847942846,0.8558903044307663
2025-01-27,40784.39791666667,40863.22787494247,41217.54835117081,40741.916666666664,0.7016188876589059,1.3171115251470886
2025-01-28,41358.729166666664,41696.55419108998,41613.08514378684,41469.333333333336,0.9065162345056361,1.0084323771460364
2025-01-29,41057.049166666664,41355.516019473194,41188.88125113266,41457.875,1.199727054438048,0.6933830194761152
2025-01-30,41389.24791666667,41126.13587707679,41092.793845651184,42175.041666666664,1.1211701032425545,1.1300478982171345
2025-01-31,40924.38791666667,40826.52305006596,40639.774257100675,41604.0,0.772480619514528,1.0867301626045598
2025-02-01,38479.122083333335,38892.34264427728,38568.81158622457,38734.333333333336,1.2076364759143088,0.8211366186247261
2025-02-02,34640.4175,34511.37141800756,34659.87295648925,33987.208333333336,0.8759699997365312,0.7908590904408405
2025-02-03,40145.57541666667,40039.806804796935,39615.62986632786,39886.833333333336,1.121478499402479,2.0560177469791014
2025-02-04,42092.769166666665,41524.3555179368,41276.18894011047,40970.958333333336,1.9239890188818265,2.4957384867251133
2025-02-05,43436.81375,42016.736891945024,41417.34680950762,41192.791666666664,3.7408319966509063,4.927214883540005
2025-02-06,43501.120416666665,42707.022288521,41560.726586978046,44318.375,1.7582497108008954,4.265276755121154
2025-02-07,43612.293750000004,42488.36245886746,41594.10251412653,44645.833333333336,2.6314562324318147,4.374485862554463
2025-02-08,40629.864166666666,40440.140854332945,39487.409222508024,40030.75,0.9294773584468622,2.714228569026344
2025-02-09,36615.412083333336,35900.37594943095,35832.86861182565,34743.166666666664,1.991811919996996,2.333940558467139
2025-02-10,42836.394166666665,42077.235420807745,41047.00053913889,41818.625,1.8105933521604156,3.885739126060608
2025-02-11,43902.207916666666,43533.07298885061,42025.23091440581,44550.041666666664,1.0729226634174145,4.158123737925057
2025-02-12,43869.24,43658.89868568831,43430.23453306049,43797.666666666664,0.8068639482052515,1.429420258231815
2025-02-13,43628.21958333333,43387.443158598675,43300.10905099829,45160.666666666664,0.9144689232920125,0.9973679032034024
2025-02-14,42634.160833333335,42794.56126827381,42728.228386572926,44088.458333333336,0.9712083758852241,0.7832839856611145
2025-02-15,39535.098333333335,39406.17119015705,40032.77237837011,41043.0,0.6893321097502962,1.2885215090532258
2025-02-16,34932.065833333334,35433.27264201845,35493.18941326299,36050.833333333336,1.392505791817916,1.621553513957079
2025-02-17,40757.962916666664,40865.775715555035,40827.54855230257,41384.583333333336,0.559242839005922,0.7557880584838975
2025-02-18,42118.112499999996,42203.298229088825,41650.032008386836,41766.541666666664,0.9204147128588215,1.5072667983845667
2025-02-19,42682.699583333335,42757.85609337494,42907.64856966948,41461.0,0.7153465959414785,1.3212106026677601
2025-02-20,43565.48333333333,43050.4535721087,43408.02952847133,45070.0,1.234073173828668,0.7541696078844868
2025-02-21,43499.19416666667,43397.64803862735,43294.21518055678,44039.125,0.8336290945399433,0.9891485436635398
2025-02-22,41300.393749999996,40496.80850049096,40421.50648843032,40694.083333333336,2.1778826596137457,2.2805880312464972
2025-02-23,37337.394166666665,36849.834534884,36387.21598470026,33856.166666666664,1.8181848741587971,2.6329691218077182
2025-02-24,43072.85916666667,43190.59990242417,42489.194481329345,42461.416666666664,0.9678294206317822,1.5813917524001306
2025-02-25,44168.72625,44128.01075782185,43930.77100207199,44870.0,0.5892699678382588,0.7727274515875445
2025-02-26,43330.54,43787.363613711794,43661.87014288754,44472.791666666664,1.2824722551953218,1.24224034070831
2025-02-27,42401.01125,43027.89172530382,43673.62356445822,44512.666666666664,1.4566940133382058,2.9515612849114086
2025-02-28,41865.43083333333,42122.11705974645,42755.85917903555,43480.041666666664,0.9121333178485034,2.165427948842163
2025-03-01,38586.77625,39659.875117637355,39918.66857042383,39579.291666666664,4.149683510736269,4.32767006653521
2025-03-02,34723.12583333333,35064.66169145514,35605.99869313629,34817.791666666664,2.462697908604896,3.910034926538334
2025-03-03,40973.472916666666,40790.44521057407,41022.73184202611,40336.083333333336,1.8748621164759358,2.2379292519302956
2025-03-04,41075.70208333333,41935.4671942831,42114.04761154742,40947.333333333336,2.3724037052018807,4.364035352199857
2025-03-05,40250.72041666667,40200.909107037216,41691.51624865825,42090.041666666664,1.1649069132366312,3.7664045674013167
2025-03-06,39981.67333333333,39715.08168801461,40561.29101095678,42374.125,1.4350439908760952,2.6101840369922242
2025-03-07,39347.309583333335,39777.871508753444,40093.63541399716,41174.25,1.9472854714308674,3.0262859005592433
2025-03-08,37506.8125,37318.2556682435,37620.6749973393,36912.208333333336,0.9055529914453212,0.9871322788303168
2025-03-09,33537.17083333333,34630.26022894843,34225.70609148801,32005.458333333332,3.3037913261904936,2.3365785910813672
2025-03-10,38177.13416666666,39361.67031027041,39554.59559116847,38034.583333333336,2.9940854082921553,3.593087812919912
2025-03-11,38743.17083333333,38886.94978831984,39980.254599085885,38766.041666666664,0.7992918098617907,3.1796976471704537
2025-03-12,38444.746250000004,38667.74525540659,38424.437913970636,38731.583333333336,1.1140344057302094,1.1087785865827915
2025-03-13,38130.09875,38341.756778313385,38028.63192800842,39364.833333333336,1.2676272330292158,1.1993542062440226
2025-03-14,37448.99916666667,37941.12989715664,37999.57904179414,38524.166666666664,1.6678201448307057,1.9485651938511037
2025-03-15,35942.57666666667,36127.03116235182,36108.687415019376,35289.708333333336,1.0522185314514771,1.2838679979257852
2025-03-16,32119.790833333333,32475.907345041585,32486.08181407028,30939.166666666668,1.4945086329485235,1.872075136963274
2025-03-17,36716.41541666666,36903.8034796833,37197.0576891625,36963.541666666664,1.3207588734238869,1.7427282082590023
2025-03-18,39095.833333333336,38256.40641981178,38486.606522791735,36885.291666666664,2.2309009650436225,2.2234944189718555
2025-03-19,40777.940416666665,39840.18662272129,38997.02392727104,37848.208333333336,2.19157247258047,4.151759244785209
2025-03-20,42288.08875,40813.41870022423,39826.7754434754,41814.625,3.342269942045128,5.6277712975532665
2025-03-21,41573.059583333335,41042.86005920951,39733.296437017685,40422.625,1.3491861846201523,4.352624056047427
2025-03-22,39099.5225,38716.32323578013,37980.613587341315,38578.541666666664,1.1836372344257573,2.7959577175466728
2025-03-23,35110.652500000004,34201.14960562194,33579.364633977086,32807.166666666664,2.505098080586316,4.23744440694117
2025-03-24,39580.681666666664,38925.85512425822,38275.16482710363,40488.708333333336,1.871256365602413,3.19204102026286
2025-03-25,39408.05541666666,40243.47537933563,39487.42386861316,42341.458333333336,2.126563566704148,0.9672698300297444
2025-03-26,39098.5525,39311.159282796674,40201.99747211001,40763.25,0.9245594310141017,2.8116967143064664
2025-03-27,38272.79791666667,38826.470014319755,39364.902430578855,39400.333333333336,1.4839107978311474,2.8788444015824073
2025-03-28,37338.50083333333,37444.354779704256,38086.59808621679,38652.041666666664,1.0957366543247216,2.180103511365962
2025-03-29,30750.89791666667,32537.613549040685,31146.35361118997,31753.333333333332,6.372436451180945,3.4228174193493626
2025-03-30,25892.721250000002,27088.241426476103,27523.407349153564,22818.291666666668,7.623137242001051,9.150536241333752
2025-03-31,25979.17125,27950.55470987239,28634.202885491915,26258.208333333332,7.668420338233832,10.164015767797272
2025-04-01,27782.75833333333,27546.46385770523,29123.682867954234,28297.208333333332,3.493537053089273,5.11994731252727
2025-04-02,34105.62583333333,31528.81145329913,31000.417024985403,32913.125,7.293345981889529,8.523884814116444
2025-04-03,36661.793333333335,34955.25755067741,32518.086029410955,31927.666666666668,5.298692040914037,11.385145625447874
2025-04-04,36385.19416666667,35395.90074523753,33412.274033094734,32692.25,4.275304040958717,8.19137590658802
2025-04-05,35489.10333333333,35192.33158040283,35276.31951925748,36701.625,2.712678297596495,3.1335900627137883
2025-04-06,32402.765833333335,34278.19315920046,32225.8557051268,32930.916666666664,5.879141877280889,2.058332473868917
2025-04-07,38318.315833333334,38417.93056709655,38125.536791825674,56005.666666666664,2.913784132641373,3.7498136060963336
2025-04-08,39835.43916666667,39906.15805081707,38453.85955428958,39566.416666666664,1.5019530380985249,4.6631404398350496
2025-04-09,40285.653333333335,40014.280268035545,39520.225103745106,40603.625,1.6354486851748922,3.3049048036584536
2025-04-10,40056.916666666664,40063.47595585467,39936.805213350395,40911.708333333336,1.6138593507334213,2.1139800692302777
2025-04-11,40996.9,39625.72040649555,40240.1679111677,39878.166666666664,3.3091055957139037,2.322512185610285
2025-04-12,39309.035833333335,38312.232232385264,38112.60896455856,37161.083333333336,2.5045304861025954,3.0078513606297315
2025-04-13,34952.28625,34416.70498878051,34279.212495495274,34653.583333333336,1.5902973291407927,1.9310750604339288
2025-04-14,39795.309583333335,39565.26762518859,39474.8375228337,40661.916666666664,1.191317414448014,1.0484752579711407
2025-04-15,39776.596666666665,40139.918421869,39716.176079091914,40897.666666666664,1.2768876733841534,0.8666866063378523
2025-04-16,39121.2825,39273.71236317022,39510.39765835987,39879.0,0.7563623992079593,1.0136386145907976
2025-04-17,38543.60375,38621.52744475704,38293.20165254856,39130.958333333336,0.827334772106837,0.9442254153954881
2025-04-18,38291.98,38249.09062729826,37913.92079387904,37518.958333333336,0.7452351196416537,1.2617461684023663
2025-04-19,36867.059166666666,36468.78348436705,35945.124355803935,35067.333333333336,1.2813493378695227,2.4755801953547683
2025-04-20,33053.53333333333,32639.274189883712,31049.654321690992,31304.125,1.3602885229950588,6.07328969446769
2025-04-21,37394.60791666667,37603.35616042928,36322.04180613587,37142.458333333336,0.7209702094104181,3.1887571187742014
2025-04-22,38292.574166666665,37635.750782648225,37417.74694313913,37686.791666666664,1.774972955019659,2.3416111520107985
2025-04-23,35001.32916666667,35744.9043608158,34512.741658352104,37784.666666666664,2.210826856237285,2.2604268207008453
2025-04-24,38009.909166666665,37440.837556438484,37169.77337576857,37993.875,1.715385281927256,2.116225787599564
2025-04-25,38310.519583333335,38466.44197049243,37221.434994228985,37666.666666666664,1.1920342928565295,2.8414799627922007
2025-04-26,36650.02958333333,37061.06254975416,37122.13545163456,36502.208333333336,1.214269937600217,1.4700707854136752
2025-04-27,32636.952916666665,33343.73999802302,33936.469439654546,32248.25,2.5269840524780935,4.07415657907661
2025-04-28,37330.96625,37499.87743807351,37366.340369002384,38156.5,1.2936408459362176,1.0855882649205744
2025-04-29,39048.05333333334,38581.329289854555,38333.61751472851,38930.583333333336,1.2090695859269218,1.85422680288568
2025-04-30,38880.2475,37971.980953477374,37628.26233773906,38541.5,2.263057328214645,3.103220695436723
2025-05-01,34803.60291666666,36625.05135589075,35452.05299749706,34613.625,5.199042349213184,2.261442815808064
2025-05-02,36750.48666666667,34715.79188887419,35320.26881174054,38291.875,5.302591846701112,5.148883596586862
2025-05-03,35683.41375,35622.58066435425,34980.56455825118,36304.833333333336,0.6007873346551684,2.0767152354492784
2025-05-04,32294.09708333333,31828.601967742725,31556.968349079893,31404.125,1.6098220538669084,2.319448331495923
2025-05-05,36696.58375,36899.83748397074,36692.3511034508,36174.0,0.9285775778659254,0.7914571862031902
2025-05-06,38007.074166666665,38257.447063184496,38521.09934797841,36597.125,1.2835158504683302,1.8872898705265697
2025-05-07,38607.357083333336,38390.40091065328,38095.26177385955,36959.833333333336,0.8342281434814088,1.8201333837269358
2025-05-08,38627.01458333333,38020.66491093892,37739.32472633516,37072.208333333336,1.832645343928835,2.3190369865510436
2025-05-09,38344.38625,38549.83401886702,37900.41459688387,37308.416666666664,0.9587064576295687,1.5844055866161757
2025-05-10,37336.277083333334,36855.02517063604,37693.640981472774,35906.208333333336,1.313942005357924,1.140297191812063
2025-05-11,33353.09166666667,33216.528881741164,32753.630266857053,31260.375,1.0064912724239776,2.1413623752059525
2025-05-12,38025.8725,37695.230071302816,37456.66666956561,36725.041666666664,1.0637575316392243,1.4992828505852351
2025-05-13,38934.714583333334,38776.07640533726,38516.753668518875,37916.458333333336,0.9568969074661752,1.230691393303041
2025-05-14,38757.525,38842.353697663246,38586.05129420339,38816.5,0.9099687407295499,0.9578317550665943
2025-05-15,38457.3725,38266.630506382666,37803.37999871944,38372.291666666664,1.1749183502053702,1.8603382711340544
2025-05-16,39006.4825,37998.97371223476,37928.72770228983,37764.125,2.695496887895214,2.757251389178819
2025-05-17,37390.325000000004,37219.764987967785,36481.70850762643,36360.166666666664,0.738888435010648,2.431722317064874
2025-05-18,33538.87791666667,33280.83168603292,32712.584454537933,32121.666666666668,1.332287824436156,2.5798890272726855
2025-05-19,34333.183333333334,34092.70443582876,33236.40119325029,34854.416666666664,3.1374777890981917,3.982985979156562
2025-05-20,38649.51291666667,37424.32277970435,37321.85178774982,37682.0,3.0633969598235447,5.225475227826371
2025-05-21,39683.520833333336,39351.84488001251,37697.38380648614,38129.5,1.3168949958246514,5.075743763699597
2025-05-22,40117.823333333334,39912.583916521806,39599.63168300917,38135.208333333336,0.7176701871676651,1.345231909516673
2025-05-23,40300.700833333336,40099.939648907755,40066.18081618878,38800.375,0.8126314742718649,1.0281257644000676
2025-05-24,38911.44,38567.65359208905,38596.81140998145,37423.708333333336,1.3188382072832476,1.3543454622472375
2025-05-25,34711.96208333333,34812.35660470345,34192.79303458475,33193.208333333336,1.2850276420937126,1.9441711927078398
2025-05-26,39499.34208333333,38060.12271196087,38211.484766646514,38014.375,3.4355059615311627,3.1948588041622212
2025-05-27,39877.1575,39864.34470002364,38882.701245399454,38106.666666666664,0.40151177314579867,2.529819398867144
2025-05-28,39595.48333333333,39797.64969987632,39932.883004720345,38996.041666666664,0.7466595785639178,1.05954234659962
2025-05-29,39149.93208333333,39382.2272900178,39393.204450253266,38580.208333333336,1.4856645791340568,1.6030219505178358
2025-05-30,38349.74083333334,38638.146098711906,38897.38538495745,38211.208333333336,1.2239443975215225,1.5334868681389942
2025-05-31,36411.465416666666,36742.00878536133,36668.94933224051,36722.208333333336,1.123895945774122,1.2126189231137536
2025-06-01,32624.433333333334,32489.51506967143,33188.908654866624,31690.166666666668,1.2346555231464345,2.106744173310458
2025-06-02,36494.324166666665,36663.97816157276,36423.15441875002,37190.083333333336,1.463259110337275,1.2068505915079257
2025-06-03,37297.004583333335,37736.76444863137,38239.757088710154,38062.458333333336,1.316880314764849,2.7518936588844913
2025-06-04,36699.38416666666,37821.14383384085,38712.53204968454,37943.333333333336,3.074510172481741,5.575209307447509
2025-06-05,31042.994583333333,34549.49222359944,32129.151091643056,31070.833333333332,11.163464985265756,3.994535905730593
2025-06-06,26294.327083333334,27748.29075117159,28818.889724907,27157.708333333332,5.9373921775437575,10.49744641305258
2025-06-07,27451.491250000003,26397.83891807379,25534.928248415614,27186.041666666668,4.170150917944613,8.565116460223464
2025-06-08,28550.005416666667,26679.506418681955,25731.12429486694,24554.416666666668,6.179476553531782,9.661434592009405
2025-06-09,30441.51125,31016.32922895414,29862.36631011014,28062.541666666668,8.186693571853143,3.9919485050198458
2025-06-10,38275.75208333333,35655.923919347646,35201.697964918196,38059.916666666664,6.485137112295206,9.837889751619317
2025-06-11,40894.16458333333,39637.60155249124,37061.97823256702,39048.666666666664,2.9815260056192003,9.35941292581476
2025-06-12,42102.91333333334,40501.37969040356,38776.66375734684,39076.25,3.5801931261350455,7.664066756921147
2025-06-13,42099.56333333333,41440.26758531112,40515.253670121914,39758.625,2.0123374634799753,3.7330949555905124
2025-06-14,39870.31375,39324.46828588387,39347.70211233165,39255.791666666664,1.7125998221330463,1.7799595350461377
2025-06-15,35739.64875,34820.277705257344,35524.79838893946,33437.916666666664,2.636890593434242,1.515777128355471
2025-06-16,40331.21791666667,38816.99828898817,39061.36412644304,38963.875,3.573218636234674,3.042155313145283
2025-06-17,41726.33666666666,41032.46035414196,40448.647444000955,39038.208333333336,2.0030614095060266,3.3083636131942815
2025-06-18,42281.02375,42071.34224673886,41844.591733015484,39098.458333333336,0.8144126639054879,1.6297683096237598
2025-06-19,43173.129583333335,43002.6944115064,43336.42421654169,39013.875,0.5876910776256902,0.7526256955099848
2025-06-20,43200.10958333333,43129.859615787034,43296.539032461274,41393.083333333336,0.7416472535856937,1.3218556842023437
2025-06-21,41224.58708333333,40970.73642850725,40847.291633337576,40113.333333333336,1.0564682939177343,1.0439551779097072
2025-06-22,36622.71375,37138.54089400426,35982.657264759546,34902.208333333336,1.451045929005642,1.840283564109991
2025-06-23,41811.80458333333,41048.142794503045,41075.14856904912,39956.875,1.8137371474104211,1.7927876848299193
2025-06-24,43395.35875,43276.286138988195,42782.00207041459,41205.875,0.4595904748497203,1.899508139232556
2025-06-25,44509.9675,44115.742028362,43966.34786754178,42082.5,1.0044172233003563,1.4569769477232108
2025-06-26,45627.11875,45145.417117792626,44942.8848310489,43313.5,1.080482167707089,1.9567547761135113
2025-06-27,46175.09583333333,44956.51597690592,44579.28869987664,44073.833333333336,2.5863719944020094,3.490356452782946
2025-06-28,44045.02958333333,43099.635987880676,42350.70648055617,41780.125,2.070834193048941,3.8455599287639246
2025-06-29,38697.5475,38809.020912731925,38337.56853545279,37380.291666666664,1.129660004498267,1.1987353315109837
2025-06-30,42599.29916666667,43175.016017536465,43167.57556278285,42386.375,1.6394096078327685,2.496604840346319
2025-07-01,44774.918333333335,44168.794345317,44472.14730267392,43628.208333333336,1.4153642111211564,1.3135164742189727
2025-07-02,44867.12125,44658.77442438526,44390.84458206548,42584.291666666664,0.9739028080166436,1.7729615678533104
2025-07-03,44062.329999999994,44782.49036260944,45151.17652360115,42556.708333333336,1.5900496986960952,2.4155365939228632
2025-07-04,43783.324166666665,43730.718161823606,44903.415141213954,41791.333333333336,0.5319285892305267,2.5245261357471986
2025-07-05,42089.775,41836.00659595805,42124.69933890959,39273.833333333336,1.4071677653075942,1.428738455261266
2025-07-06,39110.106250000004,37979.57243230743,37170.87841407063,35785.916666666664,2.8122657710986645,4.875603002611771
2025-07-07,45816.29791666666,44809.30803852671,43681.531373424,42354.958333333336,2.204372554844676,4.598183931803115
2025-07-08,47537.79583333333,47266.80327582728,46583.29662265191,44228.083333333336,0.9361562368958594,2.1184889806672444
2025-07-09,48184.715,48298.71277709606,47866.38442603297,46153.041666666664,0.7806923031278937,0.8947107636294751
2025-07-10,47960.605833333335,47494.891384777206,47387.83107359656,47398.208333333336,1.0521429057503173,1.3452444322246062
2025-07-11,47467.13791666667,47430.923593860316,47265.00350221215,46831.958333333336,1.049831001330079,1.385947001067785
2025-07-12,45795.84666666667,45107.32010333472,45166.711413151184,43385.875,1.44129079807644,1.3872313064473216
2025-07-13,41679.91583333333,41855.31639392007,41279.670829969815,38143.458333333336,0.9931649316446868,1.1025662722555876
2025-07-14,46447.71,45586.06515952836,43217.63509862063,46099.625,2.076655095299803,6.819804360714382
2025-07-15,44475.457083333335,45504.35416349585,43938.12691175339,43373.958333333336,3.4347368634160147,1.4334430180306734
2025-07-16,47532.144583333335,46582.69662460673,47368.47131008286,45133.125,2.0987801278117493,1.3544724962427495
2025-07-17,48506.392916666664,48210.25894132317,47854.67169104494,46249.833333333336,0.9107317472145886,1.4136701460306063
2025-07-18,48605.292083333334,48036.349773827475,47549.36690837272,47130.833333333336,1.309463439916335,2.1356716319170923
2025-07-19,45704.81541666667,46396.6119767304,45818.436257033354,44681.416666666664,1.9773057850174423,1.6455750119890267
2025-07-20,41671.497083333335,41677.36730324015,42787.100881681275,40021.958333333336,0.8626808022200101,2.749730302141695
2025-07-21,48255.48291666667,48178.048706229485,47797.037690047124,46044.708333333336,0.8015245902561011,1.4667155996795926
2025-07-22,49964.66458333333,49491.62273289747,49539.77022807693,46888.375,1.1782759715342286,1.1613502574876515
2025-07-23,50970.549999999996,50511.62894449147,50567.70087862218,48401.458333333336,1.2699336563392882,1.1155736027827898
2025-07-24,51733.41583333333,50781.84637902486,51225.69427331846,48653.375,1.9863554282336182,1.7692939495152533
2025-07-25,51715.34375,50326.82317421563,50111.34523178349,49437.5,2.586705485482128,3.0214457695114376
2025-07-26,49158.28541666667,47810.84873207985,47180.89737098161,47256.541666666664,2.7403409358919624,3.9879813258545567
2025-07-27,45336.28,44000.48264516826,43329.44345525484,42972.25,2.923341284176655,4.412099163623194
2025-07-28,50824.93375,49616.935550450005,49175.36117522889,51483.333333333336,2.654632058252355,3.0959837220456845
2025-07-29,51850.96125,50736.88406527324,50193.26612901933,50722.541666666664,2.11391958593359,3.1868176866633005
2025-07-30,51611.64875,51017.707818025134,51138.94005986065,51753.875,1.1963976297089758,1.1889907358539769
2025-07-31,50889.23,50734.093029101496,50794.54779897666,50417.208333333336,0.848142793520762,1.0528490553301997
2025-08-01,49259.94041666667,49738.69353038489,49695.3951464684,50134.0,1.1685242440806598,1.1366075248714695
2025-08-02,46693.00375,46821.42631949638,46823.28025582837,46664.666666666664,0.8060755189999679,0.793475229449221
2025-08-03,42140.018749999996,43317.13043225749,42492.65550033401,42267.458333333336,2.845927360193336,1.7640557153550709
2025-08-04,47462.895416666666,47679.73198675481,47918.8089626116,45690.083333333336,1.3754613973072816,1.6145368789611634
2025-08-05,49157.22375,49054.64856250246,49311.06340822431,47271.125,1.047794559859968,1.1588801698118136
2025-08-06,50033.332916666666,49581.707537513576,49721.037736940816,48465.833333333336,1.2109737560698626,1.2591863300324047
2025-08-07,49772.10333333333,49554.23358616818,49269.26961159775,47813.583333333336,0.9070175341821393,1.2042114477348547
2025-08-08,49924.200000000004,49035.60906474804,49094.446256386545,48630.875,1.7864817233971715,1.850298074224476
2025-08-09,47804.698333333334,47505.49579364317,46540.81529502213,46111.916666666664,0.9339343920756553,2.571682151360359
2025-08-10,44315.65208333333,44019.89546171322,43391.44175568831,41005.458333333336,1.1364248935129446,2.122573236660961
2025-08-11,49277.855416666665,49142.576689268644,48318.286923946005,46020.666666666664,1.1837363448403855,1.9997636219833497
2025-08-12,50047.03166666667,49799.62253334412,49369.2533049641,47693.333333333336,0.7967629965267164,1.3774213768914574
2025-08-13,49957.68083333334,49668.50465277309,50057.129371085386,48939.041666666664,1.1464504454588544,1.076263561054946
2025-08-14,49650.09916666666,49579.97888882005,49829.07334412287,48880.666666666664,0.5840657845745347,0.7385358448594345
2025-08-15,48897.22416666666,49031.61532016369,48957.87063546848,47585.708333333336,0.5284290430097096,0.7758406578237221
2025-08-16,45679.207083333335,46319.811868227924,46150.44196992681,45353.291666666664,1.5552536829587547,1.2282338236403045
2025-08-17,41449.78958333333,41712.13215518845,42206.127710274384,40689.916666666664,1.2871647889375892,2.111566920188828
2025-08-18,46847.785833333335,46420.92249096771,46604.87582306246,46668.541666666664,1.1524866287532667,1.106547585635483
2025-08-19,47693.611666666664,47170.58542782309,47197.30746652376,47533.708333333336,1.1680766193268017,1.2955012013436442
2025-08-20,47660.215,47152.58438653289,47268.69321550618,47462.916666666664,1.3115713929453225,1.0969092898782675
2025-08-21,47565.580416666664,47232.26113579542,47267.93384381477,46295.041666666664,0.9312383983234868,0.8073358926748097
2025-08-22,47566.7725,47580.756928834606,47697.8816560513,46944.0,0.9342388987750244,0.9130677357148579
2025-08-23,45569.638750000006,45191.945400374214,44611.41055197795,43959.625,1.2322223910614858,2.0990716599379367
2025-08-24,41227.22416666667,41404.03765161994,41081.81764253013,39723.166666666664,0.6929358434799847,1.011696710966352
2025-08-25,45554.568333333336,45164.07648201167,45699.606899636674,43803.125,1.3830826347565648,0.920239007130085
2025-08-26,46351.239583333336,45821.27423091159,46165.767905798595,44897.208333333336,1.1228003882090531,0.8189255527599122
2025-08-27,46145.905,45965.89600411392,45995.40072430213,45803.75,1.2370171326939612,0.8930323529478121
2025-08-28,46371.82874999999,45804.378406049305,45578.26232275603,45114.0,1.1990757007332529,1.6911807606848184
2025-08-29,45761.947916666664,45672.480522377184,44879.682583960646,44598.208333333336,0.6829843862539503,1.8937394525294193
2025-08-30,40992.175833333335,40965.65407121183,40403.35114964197,45424.5,1.0714244972351752,1.5309856185894049
2025-08-31,38903.43916666667,38006.66743414845,38576.62624875139,39404.208333333336,2.254632893388957,1.413420123772551
2025-09-01,45000.08791666667,44053.50746271019,43228.079901842204,45392.5,2.2981894562420146,3.6995640091605253
2025-09-02,46354.434166666666,45349.84556792587,43820.9466566497,47383.333333333336,2.083573386457647,5.311163013169555
2025-09-03,46554.15166666667,45349.2056830565,44642.35664182033,46661.708333333336,2.4203597961176806,3.8534506931142762
2025-09-04,46311.763750000006,45641.12778187288,44888.54412909474,45907.291666666664,1.7908288607850575,2.973202489298948
2025-09-05,45866.91291666666,45148.02753746762,44828.81300796464,45766.416666666664,1.7798956746803565,2.341448606235451
2025-09-06,42438.755833333336,42087.9045607994,42354.42248632885,43271.708333333336,1.3925998693556487,1.248229694776544
2025-09-07,37787.06958333334,38675.491591683145,38637.74982797853,38644.708333333336,2.4154659327707053,2.1773417200053538
2025-09-08,42079.145,42255.749657235276,42814.32816674557,43061.958333333336,1.2296632580030051,1.918047776248261
2025-09-09,43050.22125,42852.4458896075,43121.44178762019,43929.458333333336,1.292328739058435,1.3164117038594936
2025-09-10,43335.33666666666,42278.660530724366,43025.30411730136,43140.666666666664,2.397085040787111,1.1939058682009598
2025-09-11,43293.55416666667,42514.34464788548,42936.404497782125,42489.375,1.7655547175132018,1.0837175141964546
2025-09-12,43398.75666666667,42171.25588888338,42355.12275676882,42381.708333333336,2.7268789156205258,2.4058229046835886
2025-09-13,41255.51,39996.52747986437,39212.104107095765,41196.291666666664,2.9443537759249447,4.8310823446332165
2025-09-14,37328.95875,37007.94452245895,35813.441795194296,36518.916666666664,0.9824869919300517,4.097168323277886
2025-09-15,41972.940833333334,41494.52740123684,40662.037351719395,41672.25,1.6451647522091835,2.9095964497875433
2025-09-16,42762.89041666667,42603.7171471244,42226.01633057642,42153.833333333336,0.6589792318090651,1.406348379723778
2025-09-17,42630.92875,42498.28168844376,42221.67681618875,42642.416666666664,0.5223164904589522,0.9463596858619342
2025-09-18,41943.095,42306.54681585404,41986.52660806545,42378.458333333336,0.9048527076140075,0.6910947882238764
2025-09-19,39886.465000000004,41349.71209317198,41789.46428604134,41512.25,3.669720859597856,4.760939191732234
2025-09-20,37596.98875,38050.889880613795,39278.976264305784,38515.625,1.546865338524488,4.527510383801053
2025-09-21,34020.652083333334,34259.13019752353,34699.20010370837,33633.25,1.2950607655001973,2.1997783474218475
2025-09-22,38790.58583333333,38576.0565625337,38807.49677737164,39699.416666666664,0.9747343828953081,0.8666085944370079
2025-09-23,40385.60958333333,39540.65577259198,39551.35728375817,40248.333333333336,2.0846387693256347,2.0306083460191533
2025-09-24,40639.23333333333,40269.67205740169,39415.909226480035,40150.875,0.938329129841395,2.995291794554504
2025-09-25,40600.14666666667,40209.35622867203,39678.57507932273,40227.416666666664,0.9670029760676336,2.246727491427958
2025-09-26,40138.28833333334,39495.48871994769,39072.86517941315,40424.0,1.5844212580510737,2.6731460390309394
2025-09-27,37753.46208333333,37963.93843437917,36876.392070004695,37914.166666666664,0.6118160769922238,2.342267354376549
2025-09-28,33968.19666666666,34191.94853984051,34143.84131175551,33227.0,0.8408661147381014,0.6942872396309648
2025-09-29,38271.823333333334,38336.863929084946,37994.92402713006,38680.875,1.4258973103186092,1.5076304205968547
2025-09-30,38914.379583333335,39270.87776139116,39330.64693527745,39979.041666666664,1.0725191155522813,1.6010427053015162
2025-10-01,38174.79458333333,38740.947270556084,39220.06481770286,39332.958333333336,1.7464633736573412,2.9299536326486777
2025-10-02,38480.61708333334,38166.79095606146,38335.28791232047,39040.291666666664,1.154159109027698,1.1731704204778037
2025-10-03,38718.14958333333,38028.20547597862,37188.57226306256,38128.75,1.727293889288614,3.8269990751636485
2025-10-04,36513.042916666665,36548.62505229697,35795.715215982,36476.625,0.7739280970860735,1.9137843449562448
2025-10-05,32563.969583333335,32592.299395096255,32126.872263856214,33000.0,0.6273126079936374,1.4328337507841091
2025-10-06,37236.57166666666,37166.248218312285,36655.51263879842,37372.041666666664,0.6642003496820856,1.602991836802764
2025-10-07,38567.94541666666,38501.62102922215,38064.79766614839,39046.416666666664,0.6261396198652726,1.304682791648243
2025-10-08,38193.21041666667,38358.79271306225,38164.02514225844,38481.458333333336,0.6774577885086742,0.7353104516161807
2025-10-09,38380.1075,38255.98926807744,38164.339907299254,38724.666666666664,0.691730838306591,0.8719027436320571
2025-10-10,37756.52958333333,38183.03560652797,38133.723280689715,37932.75,1.1791092082954167,1.024768961928465
2025-10-11,36197.13791666667,35982.84745879294,36483.455836105764,36504.666666666664,1.1883355856715914,0.9973447723902119
2025-10-12,32542.469583333335,32392.804725587845,32162.90182077598,31477.708333333332,1.0098999657224554,1.5010709841430507
2025-10-13,36634.17125,36857.997685797876,36970.388885075976,37966.291666666664,1.0753700527800993,1.514393311097163
2025-10-14,37738.019583333335,37979.282692529705,37845.77618976129,38914.0,0.951297073677731,0.922067864236768
2025-10-15,37839.371666666666,37940.55638587125,38180.67483021267,38102.333333333336,0.8642909272336249,1.0528898033887217
2025-10-16,38175.93208333333,37977.474748020475,38025.659793194245,37620.25,0.8001314022291455,0.7583101021782436
2025-10-17,38026.902500000004,37958.84192848112,37786.70694702973,37236.083333333336,1.1077830743902453,1.1482383978306545
2025-10-18,36058.66291666667,36344.99136482393,35981.89673444758,36364.625,0.8358850564935928,0.7480769832388853
2025-10-19,32800.70333333333,32348.793621168134,32345.86650976486,32838.291666666664,1.3888740856253288,1.4520714402907737
2025-10-20,37299.479583333334,36908.90861248522,36685.53048582252,37059.916666666664,1.1677621534655858,1.704954729497129
2025-10-21,38381.28416666667,38285.89007808299,37971.96568282927,38412.291666666664,0.7466697411312406,1.1747489675464282
2025-10-22,38366.081249999996,38380.0711468984,38189.450047796796,38312.916666666664,0.6970089639213745,1.2307075189315955
2025-10-23,38729.40666666667,38642.421635702856,38254.64648175384,38217.375,0.575548408790651,1.202902223837323
2025-10-24,38243.56333333333,38437.1541398205,38116.69248080723,37532.875,0.6695307532597115,0.8907151226534794
2025-10-25,36145.17083333333,36206.3386842539,36308.52809719515,36459.125,0.7444644613093138,0.8755817319493698
2025-10-26,32541.601249999996,32708.679851343277,32588.359577395797,32603.583333333332,0.8341600150845437,0.8374675482195388
2025-10-27,36192.12875,36627.26306099182,36913.884261024185,37267.875,1.271458927617153,1.9533791746749476
2025-10-28,35736.200833333336,37012.33275721729,37539.987728651875,36519.708333333336,3.5006494384797975,4.882553992096137
2025-10-29,33202.22041666667,33473.13102793388,33802.158465859495,34271.583333333336,1.449438260172644,2.439070751444311
2025-10-30,37184.65708333333,36975.60750346652,36537.14537187844,38430.208333333336,2.0581879446037603,1.9612499626192639
2025-10-31,37731.815,37417.70378480934,36753.140430008345,37861.833333333336,1.1632261249397748,2.726926434012164
2025-11-01,35939.415,35925.39130872336,35729.62497662934,35356.25,0.493273790437941,0.6949026487313087
2025-11-02,32588.349166666667,32511.450376955076,32571.6787053444,32827.375,0.5213979143266015,1.017906547525806
2025-11-03,37217.86875,37111.324893150006,36981.66646255667,36746.75,0.5438422292045327,0.9303529671502303
2025-11-04,38337.75125,38049.36945181533,37737.52742926328,37611.333333333336,0.9498790252167173,1.6254022058893807
2025-11-05,38513.222499999996,38683.47252542807,38583.94721710098,38235.583333333336,0.7301669896959946,1.2494454896855451
2025-11-06,38822.92833333334,38914.7938837147,38902.425537197145,38340.166666666664,0.48882364545191703,0.796868848991112
2025-11-07,38459.41583333333,38654.54508636641,39033.80880407006,37940.291666666664,0.7685440798347426,1.4828238912919334
2025-11-08,36272.5225,36439.68571605811,36882.47117728138,36218.166666666664,0.5066450517802114,1.6252225609295488
2025-11-09,32348.86,32858.163851989535,33126.11539203802,33018.291666666664,1.5505127468991657,2.3499124694996207
2025-11-10,37337.60041666667,37207.07620262338,37743.966358628575,37341.958333333336,0.8312120998730609,1.1809627228209831
2025-11-11,38736.1,38372.337448388855,38036.691173916675,38631.666666666664,1.1290845490624448,1.776486188426551
2025-11-12,38861.32958333333,38659.66559609835,38447.17926593589,38425.833333333336,0.8461089867694493,1.1900395108077757
2025-11-13,39376.51291666667,38862.09851543722,38631.6313993756,39000.083333333336,1.2871693646799207,1.895705544202943
2025-11-14,39332.73458333333,39030.01366501885,38775.02105605261,38728.625,0.8176319088946697,1.4167077730427318
2025-11-15,37570.53333333333,37116.415221975694,36928.38305353083,36840.875,1.1879082192732113,1.6213755390842435
2025-11-16,33921.105416666665,33444.10388781419,33213.4820517822,33396.708333333336,1.4936570391146462,2.062684436996222
2025-11-17,38667.22625,38594.149272114395,38276.7148726639,38439.833333333336,0.9431294155419332,1.492754692176435
2025-11-18,39363.677083333336,39655.576429998466,39659.604909567046,39513.833333333336,1.0897450250938805,1.3346254111118068
2025-11-19,39577.44666666666,39337.760109688556,39659.182070443196,39155.625,0.7274098872967821,0.8708447778086356
2025-11-20,39286.76375,39552.910575663445,39572.44525445957,39069.791666666664,0.9853723715438112,1.0358698495047143
2025-11-21,39409.150416666664,39118.46374131331,39465.76205943687,39007.5,0.9266010407291447,0.80067690277219
2025-11-22,37250.14916666667,37644.15998655091,37279.26509606399,37227.75,1.0806439785480386,0.7855646974778434
2025-11-23,33625.43458333333,33429.763288038666,33554.5045579194,33896.916666666664,0.8344475539662245,0.7205342380343192
2025-11-24,38724.6,38421.56774643888,38477.83830127786,38080.208333333336,1.015510697381664,0.9212389589673621
2025-11-25,40031.65625,39668.15429820565,39746.38777874787,39376.458333333336,1.1514071191906723,0.943842280810559
2025-11-26,40177.835,39876.36317880674,39789.58045507001,39547.333333333336,1.1784139986892883,1.2924390335906935
2025-11-27,40174.996250000004,39713.39426499536,39704.5218216274,40305.333333333336,1.1227068822615898,1.1443589092130686
2025-11-28,40021.3275,39796.360938804464,39619.99712091412,40177.166666666664,0.737545843010018,0.9786188693638177
2025-11-29,38249.08,37963.21134761878,38040.65817558501,37759.041666666664,1.0497411388563023,1.3896434359971213
2025-11-30,34710.85916666667,34683.736598966396,34294.00031264473,34012.333333333336,0.8324073907931983,1.2716057607733415
2025-12-01,39940.62541666667,39658.49189008344,39229.45043031623,38648.75,1.0121303303227855,1.7043090173999798
2025-12-02,41287.255,40933.19367893715,40450.98429935311,39763.916666666664,0.9165406020241434,1.9477213373015128
2025-12-03,41436.53833333334,41170.466779100476,40637.256870339836,40331.166666666664,0.7846861651563423,1.9150442149757818
2025-12-04,41858.19875,41167.010308211036,40562.652150303846,41034.416666666664,1.5607275171480264,2.9391419021315865
2025-12-05,41575.79916666667,41442.49384025829,40499.980525399624,41208.208333333336,0.9117650707488313,2.5349644111794514
2025-12-06,39348.50708333334,39166.6226542116,38566.392885834146,38874.958333333336,0.8579818981294354,1.8876734706581093
2025-12-07,35391.40375,35369.550183892665,35101.95742357706,34512.375,0.6706372377032067,1.118685371205725
2025-12-08,40919.948333333334,40824.68163959006,40364.08762604133,40213.916666666664,0.5226345893409637,1.485008933572318
2025-12-09,42191.229583333334,42132.49076796789,41482.76626577824,41164.875,0.7986954107776821,1.6735296568589637
2025-12-10,41917.96875,42286.893775636105,41905.84123612907,41771.625,1.1707118244762673,1.062763886714963
2025-12-11,42402.26,42011.599484339975,41991.574804127325,42029.5,1.1642994029520535,1.2084318211842986
2025-12-12,42082.36625,41852.899259671605,41755.57097098325,41861.791666666664,1.0413433221317845,1.1446706535490307
2025-12-13,39813.369166666664,39510.52934737006,39619.90016645828,39775.75,1.6897674888478755,1.6515493075056014
2025-12-14,35917.40625,35602.72096219099,35589.31222788355,35333.416666666664,1.7676132445360278,1.8891485174794298
2025-12-15,42004.39208333333,41663.59696592221,41203.739970525414,40949.916666666664,0.9302744820882435,1.86626924940809
2025-12-16,43179.145,43024.03970252732,42832.01077834071,42222.875,0.9908196446245653,1.2295293476020286
2025-12-17,42822.441666666666,42733.79020901882,42680.15153364452,43116.541666666664,0.8126217087580289,0.7814940228613615
2025-12-18,43119.66916666667,42960.58690718958,43030.27549854369,42774.0,0.722780863530749,0.8141720233385867
2025-12-19,42625.6925,42406.820253910395,42694.14153754263,42412.25,0.8244091636981693,0.7998104533478458
2025-12-20,40445.9125,40130.37975142663,40233.89565704598,39699.208333333336,0.9163104155903335,0.745867816984323
2025-12-21,36797.03166666667,36197.867957222006,35986.15122865207,35427.416666666664,1.601276527070776,2.184195604957463
2025-12-22,42086.449166666665,42233.91719977576,41454.93706596549,41713.0,1.2765002774855092,1.5149371010821726
2025-12-23,43193.32083333334,42803.228790662506,42924.45552335963,42511.875,0.9675347231752448,0.8749280535754395
2025-12-24,42580.50166666667,42645.776525715664,42470.04734183863,42035.458333333336,0.4743624399018624,0.5555831987116049
2025-12-25,42900.308750000004,42587.95085089825,42611.138884042855,42787.208333333336,1.0384593411016303,1.0937045196813031
2025-12-26,43064.43583333333,42356.46243377498,42222.586485462416,41991.875,1.5868433859808686,1.906441120172932
2025-12-27,41388.16625,40779.54099266591,40459.083469777404,39567.958333333336,1.9316895464175527,2.1001919781918508
2025-12-28,37521.872083333335,37622.73173163088,37063.99759522749,36342.708333333336,1.7192520785366725,1.330953496038624
2025-12-29,42906.6675,42554.55062358564,42080.54178172639,41363.375,1.1905295253801247,1.8293808840126389
2025-12-30,43058.605833333335,43113.051473490974,42622.80540567824,42778.083333333336,0.8030309292506436,1.1658017443560516
2025-12-31,41352.71916666667,41334.59168300409,40985.218971453454,39122.791666666664,4.013508274652101,3.760034808966753
2026-01-01,35965.332916666666,36708.57868081262,35897.847093275246,34180.708333333336,7.1963583436678435,4.924004234871258
2026-01-02,41923.885,39328.49034968357,38107.50596012109,40062.666666666664,6.064216400280023,8.507896118205418
2026-01-03,40902.67166666667,40767.323341447525,40111.71766925383,39149.625,0.8266145601969695,2.0149017230398134
2026-01-04,36691.56458333333,36745.650202797966,36605.69117304018,37725.416666666664,1.1507538205933743,0.8610770056905026
2026-01-05,42157.43958333333,41641.17763600997,41368.68264882164,41288.291666666664,1.2133415994765497,1.8189601715707544
2026-01-06,42764.698333333334,42378.684495636124,42278.32715306869,42477.666666666664,0.9575413882594183,1.2933707215025918
2026-01-07,42270.80541666666,42049.86811363074,41528.78531712111,42736.125,0.9934128329952756,1.7126164932164523
2026-01-08,42781.042083333334,41501.36447637418,41392.84559924342,42564.625,2.943434145473056,3.0905381228358544
2026-01-09,43410.137500000004,43384.174982783734,43183.11846116022,41913.25,0.7560949884633179,0.9999386521741984
2026-01-10,40821.04958333333,41757.98686015342,42036.480863040364,40959.583333333336,2.244660537179961,2.9651769669065007
2026-01-11,37153.06458333333,37053.33263927882,37858.50007350775,37958.583333333336,0.852039445606386,1.901962067204775
2026-01-12,44014.77333333334,42933.21883709379,42810.46346011262,43599.583333333336,2.498283326695191,2.520710393171581
2026-01-13,45304.855,43883.03662371147,44426.879659762664,43775.916666666664,2.878813091659669,1.9479937084117827
2026-01-14,45506.277916666666,43842.382256317745,43768.62058372693,46069.75,3.4606181490710397,3.6509325306736984
2026-01-15,45041.137500000004,43436.41575207303,43179.92647183702,46363.125,3.3662886514759145,4.053976932704408
2026-01-16,44491.8225,43621.504023172696,43597.95931844817,46841.75,1.9770593255043103,2.086505882276574
2026-01-17,42655.24208333334,41557.130875041556,41939.171821735865,43644.083333333336,2.509878204575117,1.6957529753667338
2026-01-18,38642.815833333334,38206.61892287344,37719.49852675422,38803.458333333336,2.2677899968284456,2.9129649595423324
2026-01-19,45183.62291666667,43503.16675557948,43430.14074762402,45225.125,3.4744672746537852,3.6192099111971068
2026-01-20,46034.93916666667,45841.001738751744,44900.363574504016,45908.25,0.7475180222829807,2.3599268242704414
2026-01-21,46631.71625,45882.80433119397,45987.2009233576,46404.0,1.7972036457522373,2.3851867353633547
2026-01-22,46056.43791666667,46001.38103767187,45475.942671739525,46402.125,2.1433851935658086,2.440520421475512
2026-01-23,44255.78166666667,44925.003084260476,44840.920219855085,47107.25,1.5917921208959946,1.4472430415061164
2026-01-24,41799.372083333335,41894.997378503984,42106.31115109455,44308.875,0.5887681184418595,1.1446364922707193
2026-01-25,36711.29083333333,37529.76820528881,37711.5791342515,38486.333333333336,2.2418676214730664,2.716884112866083
2026-01-26,41962.77166666667,42758.3362747052,43221.904567783415,45369.833333333336,1.8447015415089345,2.957090652962465
2026-01-27,43051.9825,43749.27787537504,44412.91838215196,45559.833333333336,1.6062860575612017,3.2196305182886635
2026-01-28,42738.03,43770.219899081276,44118.06619560506,44120.75,2.3825751110973203,3.2178354094510015
2026-01-29,42552.409583333334,43398.395754526755,43858.5223291647,42689.041666666664,1.9773028059362032,2.975537335424535
2026-01-30,42424.30375,42519.82967553542,42627.728734039534,42523.166666666664,0.7630675956139489,1.122549698693128
2026-01-31,40402.910416666666,40949.76023781804,40874.68111465072,39822.875,1.4522640725965141,1.3462287186009059
2026-02-01,36050.375,36317.89352899611,36517.558466355615,36950.041666666664,1.07330608002171,1.4805897883010781
2026-02-02,42001.644583333335,42267.98357458019,41537.42036798376,42936.208333333336,1.4891044267918732,1.6338398060844945
2026-02-03,43106.23666666667,43376.10484575295,43413.08097186666,43284.333333333336,0.8839365044803351,1.5375889818565243
2026-02-04,42632.655,43035.84048053023,43152.35861871749,43425.333333333336,1.0284529930058246,1.513696159444305
2026-02-05,42657.21708333333,42709.694087424505,42542.29902770469,43502.833333333336,0.8013706946635412,0.9866025396166392
2026-02-06,42323.13625,42488.9013831503,41820.82240119321,42141.666666666664,0.9340204889077768,1.3267301678820493
2026-02-07,39826.965000000004,39887.961873321845,40232.70548250827,39770.083333333336,0.5951858713430291,1.2107296125325342
2026-02-08,35747.3725,35540.23909260488,35401.06290750415,35783.875,0.8909280409176237,1.1105738479835663
2026-02-09,41088.61625,41067.453409651,40891.181141621724,41693.583333333336,0.8206111068181133,0.8115823614270093
2026-02-10,42991.31,42528.369919538534,42104.90207696126,42422.708333333336,1.1122151848688706,1.9843127388625998
2026-02-11,42523.32041666666,42458.28305437432,41754.504662570274,42514.416666666664,0.9468186756001654,1.8514927800575498
2026-02-12,42497.06541666667,42273.624768647955,41752.39904165217,43015.791666666664,1.1926677351352086,2.0574640271207976
2026-02-13,41968.70375,42223.4142553621,41475.65246360419,42721.625,0.8371978623346306,1.2394166400490132
2026-02-14,38520.987499999996,38982.154771601716,38984.11709469002,40196.666666666664,1.533204274360238,1.2870623645432444
2026-02-15,33836.28833333334,34254.865353294845,34592.134255239725,35567.625,1.6321613648081967,2.2660505078518374
2026-02-16,39102.65375,38993.878160236585,39324.08041438164,41129.333333333336,1.104635856964026,1.163994146188055
2026-02-17,41020.556666666664,40728.03652298832,40126.46268657703,42407.416666666664,0.9400247432985421,2.1220924059792496
2026-02-18,42458.02875,41608.488870607274,41321.0999579039,41022.916666666664,1.9737746443403,2.5957993458993336
2026-02-19,41957.440416666665,41972.94831502364,41041.44146344968,40874.041666666664,3.2939514662402742,2.8261278241088053
2026-02-20,40886.23625,40737.42879524023,40901.94706878614,41789.291666666664,2.056429647840775,3.485225564413065
2026-02-21,39225.712916666664,38079.993841636926,38157.393203699634,39082.125,3.506198437359553,3.716443886169598
2026-02-22,35987.167083333334,34980.961748454836,34025.591048769944,33997.291666666664,3.20182778249143,5.463368011327286
2026-02-23,41085.591250000005,40901.19352895041,40272.70259998988,41103.166666666664,1.1795986270920433,2.4155316705689636
2026-02-24,41389.875,41875.90955186591,41404.34805587204,42181.208333333336,1.8942503959731527,2.177586030853777
2026-02-25,42565.113333333335,42023.95216002123,42458.92707221656,42222.5,1.3369140260892391,0.9924393190400335
2026-02-26,43292.12375,42714.45280642526,43070.91686151432,41993.5,2.070051479160948,1.3215642293599494
2026-02-27,43774.97875,43462.79991488558,42707.44776356345,43084.083333333336,1.302977027180838,2.463339435774779
2026-02-28,41032.568333333336,41464.71213039045,40057.25797107513,41460.541666666664,1.2168152061101696,2.5445200836170048
2026-03-01,36771.129166666666,36945.981151064065,37031.937041217316,36558.25,1.5673883346646165,1.5786029217636026
2026-03-02,41294.39666666667,41381.76619330372,40787.339518294255,42533.916666666664,1.0277027632120068,1.6400674623720128
2026-03-03,42220.70125,41400.817028817764,41492.942227801344,44158.666666666664,1.9474129984836273,1.7668697726555134
2026-03-04,41981.1175,41674.551378007476,41363.49293335036,43586.208333333336,0.8032796152076512,1.4461702700127859
2026-03-05,42004.487499999996,41615.92818888479,41946.81531513445,42499.208333333336,0.9507558618596942,0.7010934424535659
2026-03-06,41762.347916666666,41092.40091796893,41412.738441278634,42286.875,1.572323248090888,1.176138602469113
2026-03-07,40044.22583333334,39104.95824834308,39244.99816147242,40511.25,2.336071162888779,1.9925168842885705
2026-03-08,35873.20416666667,35918.25224808948,35691.950676597866,35617.541666666664,0.4457116965082988,1.3100799613511191
2026-03-09,40810.4975,40325.750295024736,39953.216025422116,41706.75,1.776230486618388,2.8664983950907836
2026-03-10,41536.29833333333,41395.493191521775,40184.276715314576,42500.791666666664,0.8147503390888353,3.262073586153285
2026-03-11,41342.924999999996,41275.23509704449,40884.214068525725,42475.041666666664,0.6410996369149676,1.303919718538212
2026-03-12,41678.15125,41598.89169168438,41362.721470064935,42264.333333333336,1.455410352087079,1.2881285648059786
2026-03-13,41634.08458333334,41488.00697818288,41474.45261133744,41588.666666666664,1.1453470814375117,1.302365994288178
2026-03-14,40147.066249999996,40186.70627621045,40051.178445130514,39641.375,1.2877550177890054,1.773578442770636
2026-03-15,36273.229583333334,36231.06623119652,36155.80717999425,34782.583333333336,1.6022560767644067,2.1620491199981733
2026-03-16,40186.558333333334,40739.52298547527,40304.689602831306,41174.916666666664,1.3678372477132434,0.978993025994182
2026-03-17,40536.33833333333,40875.40496170207,41135.94760711265,42272.166666666664,1.06088567189381,1.7786540869155048
2026-03-18,39750.95375,36861.77107115757,34792.83643972544,41099.5,7.266365163591286,12.454663421355706
2026-03-19,34399.95958333334,34902.09539039656,30823.489562631235,33499.041666666664,3.706077494425022,10.537051339259513
2026-03-20,29526.7475,32756.531482150534,29490.15234130608,27933.875,11.166215355219622,6.446983486332395
2026-03-21,29749.560833333333,30268.105252530502,30231.03494533255,27849.708333333332,2.6744041709915582,2.6818260626851647
2026-03-22,30628.769166666665,29918.768728414758,30422.12787685877,29255.458333333332,5.049298913159952,3.896684371962673
2026-03-23,39755.09375,37479.79744893805,35295.24431129262,39560.833333333336,5.735663959545071,10.609088661014402
2026-03-24,41513.03791666667,40587.00385489571,38027.27595948018,40267.666666666664,2.2863008541465537,8.086024796231142
2026-03-25,41075.480416666665,41452.036762355696,40443.548359417044,42114.0,1.5169687695373713,1.8603728542546951
2026-03-26,41022.447916666664,40813.46849529459,40434.869191911814,42436.541666666664,1.1928003829417213,1.8334460763967584
2026-03-27,39976.17625,41239.098536890815,39842.905522541725,41516.5,3.133986825889911,1.2874840041010203
2026-03-28,38723.83,39806.165126621534,40456.39601246497,39878.666666666664,2.9026518169278703,4.524180848674895
2026-03-29,35641.92291666667,35477.09454638151,35637.7967024622,35288.083333333336,1.2820484724252588,2.0208772428628543
2026-03-30,40613.75666666667,40718.020811841605,40021.9047621789,39944.583333333336,1.1666687724715976,2.581928138253096
2026-03-31,40402.565416666665,40770.94219645471,40352.65753323675,41177.416666666664,1.2237177340004164,0.7833641293124072
2026-04-01,40096.474583333336,39650.35083868713,39913.36292854953,41594.0,1.4036878547121516,1.0080132056002284
2026-04-02,40594.32083333333,39654.27470486837,38496.568154608365,40534.125,2.5901774383264433,4.884612191054797
2026-04-03,40350.370416666665,39740.89856833396,38203.86716185856,40092.291666666664,1.4824138399820443,5.091975296128628
2026-04-04,38146.31958333334,38590.74616925664,37195.721333662455,38922.416666666664,1.4493507635536007,2.529576104131286
2026-04-05,33831.067083333335,34670.19454558841,34643.73134966441,35414.333333333336,2.599320307221137,2.749618586338602
2026-04-06,37756.32041666667,38271.77560024156,38222.99865891895,40250.875,1.6199948668575395,1.5664330186810915
2026-04-07,38778.96708333333,38571.552472976786,38672.21446332963,40688.958333333336,0.9268169589273785,1.500795907406266
2026-04-08,39438.06083333333,38871.14128632176,38818.36398964952,39828.666666666664,1.8321215841209384,1.5979358052474486
2026-04-09,40248.56375,39646.88645099082,39662.3981812073,39011.666666666664,1.683444414006076,1.4868398518419113
2026-04-10,40570.841250000005,40315.608344215434,39954.670530479474,39549.833333333336,0.7400197917004872,1.565888772210896
2026-04-11,38779.15083333333,38933.52566450975,38478.741645289796,38281.708333333336,0.9357454866641811,0.9710999264970498
2026-04-12,34576.93708333333,34896.53733865817,34798.77925543405,34862.25,1.3510756573569844,1.4701659517437013
2026-04-13,39025.72791666666,39083.67297634316,38935.288038085455,39876.958333333336,0.6942352548477465,0.8978653085085364
2026-04-14,39875.199583333335,39945.719322769466,39785.996015537785,40755.958333333336,0.4297737772487393,0.5216651273091392
2026-04-15,38757.09875,39751.53666300193,39198.894575015096,40126.583333333336,2.5337744602088326,1.3161329514932973
2026-04-16,38907.01375,39052.742289727794,39255.48517254138,40316.791666666664,0.859747334880685,1.0567643733689476
2026-04-17,38927.6925,38948.68037666195,39079.04861228266,39599.5,1.1034596667023786,1.580332839560186
2026-04-18,37363.32208333333,37305.99653120585,37359.39171061703,37406.958333333336,1.0534835754480862,1.319680881579157
2026-04-19,33675.42958333333,33426.57741670032,33210.20045321683,32856.083333333336,1.296863044624291,1.6554581137663291
2026-04-20,37805.635,37949.574140066856,37494.986069718354,38586.291666666664,0.9328157685579755,1.1770087870446078
2026-04-21,38291.87583333333,38727.5609727201,38639.07726678628,39458.625,1.277228266599443,1.1605655035253222
2026-04-22,39081.393749999996,38388.05547839967,38696.847968515634,39232.25,1.7159200529317664,1.2520102909308088
2026-04-23,36043.97875,36450.140254156286,35117.43416504027,36080.291666666664,1.4788573813690198,2.5276025866768603
2026-04-24,37680.878749999996,36479.65186285545,37150.279594286076,39483.916666666664,3.207532448367058,2.294183515991201
2026-04-25,35947.027083333334,36526.436542653704,36273.3039926065,37472.375,2.2746652834908674,1.6494231447374208
2026-04-26,32232.667083333334,32533.68663070101,33060.81155431043,32920.708333333336,1.1640920978993148,2.4960330001446978
2026-04-27,36842.644583333335,36882.56751362641,36870.13490940868,37609.625,1.1908742555951464,1.1371207657813218
2026-04-28,38136.107083333336,37966.7557838509,38011.21464473901,38521.083333333336,0.787826435609675,0.783158132934097
2026-04-29,38011.22416666667,38276.81551094543,38285.322703412945,38454.5,0.8263615935098346,1.0162602182112164
2026-04-30,38100.871250000004,37093.523105697845,38042.478511827365,38877.833333333336,2.5708314110995794,0.8193311136841657
2026-05-01,34835.6775,35394.83282573139,35052.28080860995,34623.5,2.2797942435099325,1.5692520342137806
2026-05-02,35358.32833333333,35420.51940629965,36876.37248935778,36631.125,2.3395918180897115,4.441576811154782
2026-05-03,33862.11208333333,32694.030096007384,32228.828382661846,32605.833333333332,3.3296429201261195,4.631685668397263
2026-05-04,39563.03,38679.90869044324,37702.49948311918,37398.291666666664,2.167067295462888,4.538288329828985
2026-05-05,39860.85041666667,40072.77981044664,39020.288791123065,39086.0,1.3801290074423005,2.1557816330666633
2026-05-06,38863.71916666667,39072.81961687921,39172.13233124527,40639.833333333336,1.7384550156670597,1.9391820128518205
2026-05-07,38495.51833333333,38526.562887100685,38449.3707880092,40352.333333333336,0.7667568003303171,0.9286531839941188
2026-05-08,38288.44625,37820.42928223046,38098.44543981745,39338.916666666664,1.3155912629072568,1.1587842875148426
2026-05-09,36838.93916666667,37123.65313926148,36165.701122963204,36969.083333333336,1.3226768287934978,1.892951484739721
2026-05-10,32761.647500000003,33772.01617923035,34569.44652052888,33859.25,3.1939809785085154,5.4066217954572044
2026-05-11,37458.67791666667,37539.1738141724,38643.463332951695,37939.416666666664,0.6473353366699861,3.1931808954881493
2026-05-12,38624.69541666666,38637.20147194003,38947.055146852676,,0.7127292355431077,1.1225849878767453
2026-05-13,38753.42416666667,38538.77975484644,38196.245986930495,38703.583333333336,0.9557516572156611,2.0267900304849777
2026-05-14,39070.84916666667,38799.67959127461,38247.21505470345,38695.208333333336,0.9175272644675122,2.0131814959263794
2026-05-15,38948.056666666664,38459.23061012519,37940.78087343874,39093.25,1.2626431472901705,2.5932198477236414
2026-05-16,37470.1675,36945.970409085065,36951.22498206293,37564.125,1.4032890588384979,1.3986542431179059
2026-05-17,33877.76125,33702.94460683697,33663.89641291939,33764.958333333336,1.1057936446817536,1.560402635864077
2026-05-18,37941.918750000004,37098.878130506724,36694.36588436005,38678.375,2.207291414625512,3.2589210014982313
2026-05-19,36793.388333333336,36234.776081281896,35930.22303103781,36002.625,1.518877789449334,2.531128051984054
2026-05-20,38939.99208333333,38788.39563514936,38729.4694303159,39154.416666666664,1.1210595677215431,1.0284285262953765
2026-05-21,39143.4925,39142.05552399882,38600.61911383892,39446.5,0.6497957184441892,1.3938706268672745
2026-05-22,38330.200000000004,38975.56724844177,39112.29900288905,39327.875,1.7682364748440627,2.064391668914373
2026-05-23,36402.425833333335,36810.89544673945,37357.169162613594,38097.458333333336,1.2469456553584577,2.6423872425207517
2026-05-24,32763.285,32579.086639980193,32994.6441323183,33769.25,1.8622117844340238,1.6450281371436466
2026-05-25,33174.73333333333,34982.71519093408,34918.90020960052,37899.833333333336,5.552473274723099,5.82557092724564
2026-05-26,30117.802083333332,31435.082688239243,32377.111340940337,31505.583333333332,4.96180206715617,7.550513022741813
2026-05-27,26368.627083333336,27727.55513182211,27535.1275763903,28695.083333333332,5.407732937100104,4.384416352244121
2026-05-28,27107.989166666666,26729.05284377126,26879.120355675153,28034.541666666668,1.558123046000004,2.4912070290402153
2026-05-29,27495.05083333333,26613.31402684889,26564.785321947576,28056.166666666668,3.6489921421592446,3.4210343680955777
2026-05-30,28307.456666666665,28717.985694702365,28325.86822799257,30070.083333333332,2.8379138711634417,3.0869176319668195
2026-05-31,29950.7675,30567.92045592491,29871.416065232308,34438.791666666664,2.7112545946820545,2.008714501830111
2026-06-01,36635.765,34607.21100490539,36028.84087327479,37171.791666666664,5.273769842916329,1.7573730958631735
2026-06-02,38823.50958333333,38052.04542590856,36011.17592544165,37173.416666666664,2.6352598947107686,7.366513320602163
2026-06-03,39406.01833333333,40553.59858862234,40056.36251928327,38486.208333333336,2.8627547044522537,2.4704680922655062
2026-06-04,40043.4775,41074.19022480999,40846.37797203699,38846.791666666664,2.4836426601209842,2.262511895885479
2026-06-05,40334.42375,40861.98189202291,40552.59496754304,41178.958333333336,1.6259306128937572,1.4933159902823003
2026-06-06,38312.168750000004,38857.15824343025,38859.42253415933,38586.5,1.4794965302128507,1.8046299626067828
2026-06-07,34956.29875,35302.1687889493,35124.47053360338,36414.166666666664,1.6448373581541087,1.350620522026662
2026-06-08,40212.26875,39788.797154377164,39513.19391175086,39541.916666666664,1.4053247740280834,2.0382166879522994
2026-06-09,41109.300416666665,41202.95297382336,41118.347939877196,41053.833333333336,0.7810776635667497,0.9513080207471244
2026-06-10,41280.965000000004,40940.10240730024,41196.898482086996,41758.583333333336,0.9456568104378911,0.7409993788705811
2026-06-11,41613.950000000004,41369.070527357515,41361.46368622821,42282.708333333336,0.62532061505207,0.9355755766940361
2026-06-12,41662.559583333335,41425.47039583092,41230.19435397244,41109.416666666664,0.8309931244015444,1.0743465209620606
2026-06-13,38813.30541666667,39149.13261247189,39014.476456248594,37867.791666666664,1.083562463331848,1.2618978110907222
2026-06-14,34294.730416666665,34945.51754450717,35208.36876312637,34250.958333333336,1.982657438369352,2.70172461158627
2026-06-15,40093.07,39818.60016549842,40233.12031807731,39005.75,0.8551087242088177,1.0835726513905206
2026-06-16,41960.95958333334,41559.552530090026,41895.47535881235,41551.958333333336,1.2707045847365015,0.7555821830609096
2026-06-17,42775.75708333334,42398.08819629871,42163.16324804437,42904.916666666664,0.8631835210778731,1.4862920360979908
2026-06-18,42805.47083333333,42942.106861975226,42537.76805822708,43245.541666666664,1.211609105737441,1.14316255814046
2026-06-19,41620.5525,42234.44680222237,42131.47535654401,43330.583333333336,1.5735469883596946,1.4981288051248873
2026-06-20,39664.068333333336,39306.575376962195,40230.03721761477,40396.625,0.9239559885680143,1.4847922173747803
2026-06-21,36127.957083333335,35723.98542624788,35897.34298081018,36151.958333333336,1.1815747462628703,0.8877345233027388
2026-06-22,42262.676666666666,42007.119512275494,41627.791163683556,41109.875,0.8924434765440208,1.6095484492409493
2026-06-23,43332.99916666667,43535.81936811789,43127.6591666363,43254.75,0.9740689333213145,1.0757806604408489
2026-06-24,43810.88958333334,43736.82367274299,44023.67529757515,44128.5,1.064280858198128,0.7375081293471712
2026-06-25,45104.00625,44254.92789604919,44451.24999626048,44968.875,1.778531150706482,1.4784314237432705
2026-06-26,45513.277916666666,44851.79186973755,44477.25090091478,44793.333333333336,1.4611930767130772,2.2476842389603426
2026-06-27,43397.29791666667,42606.977272904915,42473.74971579373,42852.791666666664,1.8022242004212135,2.089763311153392
2026-06-28,38752.19666666666,38490.45688511638,38377.62659612033,38210.416666666664,1.3428972964914525,1.1768349304752554
2026-06-29,44780.92458333333,44547.91130214924,44418.86790630961,44539.708333333336,1.0207889428725765,1.2602304607202897
2026-06-30,47011.57541666667,46344.77223102157,46451.475700338946,46506.75,1.504758003847679,1.2948865283769981
2026-07-01,47468.29833333333,46986.39375776719,47054.305688006694,46684.833333333336,1.650581288029593,1.4956083727130611
2026-07-02,48172.520833333336,47608.695459026116,47257.19643968295,48053.333333333336,1.4013013200624946,1.941659177031097
2026-07-03,48202.704999999994,47585.5472889646,47229.97855711545,47539.916666666664,1.4989105626033037,2.056705063267303
2026-07-04,45453.53416666667,45115.21371627336,44455.78670593666,44407.333333333336,2.012394059350608,2.4332684376078393
2026-07-05,40293.61,39928.13113406133,40118.26113046977,39664.083333333336,1.8135302757700833,1.8002809520553098
2026-07-06,45299.84958333333,45529.10928828344,44981.339269429125,44771.5,1.5524085743394798,1.6020167648732881
2026-07-07,46299.799999999996,46581.35875417879,46657.964642319654,45777.583333333336,1.2509887833013322,1.30415113131024
2026-07-08,46660.02916666667,46471.56545786949,47209.93261169651,46314.541666666664,0.8754112585114137,1.3804840522721433
2026-07-09,46959.643749999996,46382.341135206494,46727.6627036301,45914.125,1.2934288273739856,1.249610993968361
2026-07-10,46798.68041666667,46263.201670211594,46331.82333117394,45610.333333333336,1.1394235099319627,1.162387721340465
2026-07-11,44776.01666666666,44577.24271998986,44394.52354726375,44097.916666666664,0.990932675533119,1.3284950425425348
2026-07-12,40868.31458333333,40624.02663306778,40199.80178363669,40035.75,1.1536245369039462,1.7126763634679953
2026-07-13,46970.98583333333,46552.49457395618,46083.91244279119,45786.541666666664,1.0646680811149947,2.2367074653257455
2026-07-14,47619.53333333333,47289.526632759334,46570.62673600841,46958.916666666664,0.9199620487928658,2.1255805482917447
2026-07-15,44364.6675,44619.36807979332,44058.017690364686,43148.916666666664,1.971877564994997,1.753382328119106
2026-07-16,48483.473750000005,47349.127987871536,47473.855211327966,45639.041666666664,2.2762818637151447,2.0146585112831716
2026-07-17,48729.125,48462.68967265204,47564.38872594246,46509.916666666664,0.9296722553422779,2.3258912453014724
2026-07-18,46798.47541666666,46613.19912231981,46412.03544411846,45921.125,1.1949950573836123,1.1403312600861983
2026-07-19,42730.43541666667,42853.48704190329,42607.422318737576,42089.666666666664,0.9666914269651429,1.04641930624846
2026-07-20,48941.285833333335,48934.53092868285,48513.26336819573,49003.375,0.8749027985855387,1.0729622362600664
2026-07-21,50347.229166666664,49837.26262933401,49713.811678580685,49928.166666666664,1.4015298484542786,1.40262147723171
2026-07-22,50967.82750000001,49623.93830331566,49445.37902650264,50321.75,2.5778746376181094,2.931191697021984
2026-07-23,50200.11625,49530.79741590325,48439.35897829462,50321.541666666664,1.5119237728268005,3.4658933628025648
2026-07-24,48425.02333333334,48479.65288473294,48276.40240093912,49187.166666666664,1.262636770069222,1.3936815737092478
2026-07-25,44016.16291666666,45381.151971771564,45485.64802460613,45462.458333333336,3.0404087561308484,3.32016345979417
2026-07-26,39108.93083333333,40281.4191468642,41588.21002170908,40430.083333333336,3.002095832640364,6.278438927542662
2026-07-27,45467.435,46185.2436250397,46750.5853254499,44847.541666666664,1.9015500729728407,2.9806451346912435
2026-07-28,48108.24333333334,47626.20763366983,48461.75761289351,46753.125,1.244835272516154,1.135695714735826
2026-07-29,47994.910833333335,47419.39756375692,46782.217314702575,45758.125,1.4785270326105182,2.4282313294415445
2026-07-30,48017.63166666666,47070.801799345914,47330.50975584592,46853.0,1.87761165318654,1.3860688360252833
2026-07-31,48049.05416666667,46721.61423431908,46525.24820558712,46730.125,2.709651729332409,3.1016721010892963
2026-08-01,45961.99875,44758.58109038748,44025.11208283652,44572.333333333336,2.6385386078289463,4.271687131310258
2026-08-02,42300.03166666667,41482.88503400912,39701.03642666284,41434.375,1.918712185155255,6.202684660140025
2026-08-03,48526.125,47928.82166571025,47707.20991855377,47971.25,1.361719728407954,1.843468722754375
2026-08-04,49862.651249999995,49769.006342594286,49455.54091866881,49263.416666666664,0.7117609353595822,1.1430816972451059
2026-08-05,50393.395416666666,50102.92112946814,50021.65950045286,50495.458333333336,0.8772171736221672,1.0961346972653434
2026-08-06,50798.333333333336,50655.79756962622,49654.927602427866,50557.958333333336,0.5867073304656355,2.22365310017945
2026-08-07,50575.56083333333,50402.20986438557,49830.549367942884,49984.583333333336,0.4553016110722832,1.5184605891930738
2026-08-08,48211.34,47704.85918530304,47051.0843954182,47240.291666666664,1.164092514716857,2.3784690802103285
2026-08-09,43753.44166666667,43497.61222267611,42486.14802920325,42187.333333333336,0.9372204183018611,2.843090199230381
2026-08-10,49833.6025,48166.43102797878,48245.46457094813,48089.041666666664,3.190914170422547,3.1666153481447985
2026-08-11,50719.83083333333,49864.09302768303,48924.37227846591,49425.541666666664,1.6960245556785452,3.5231951645782544
2026-08-12,50887.55875,50167.98432736224,49884.43911346825,50151.875,1.4576777250426165,1.9541738883359407
2026-08-13,51201.67249999999,49958.743613431005,49188.56235251591,49753.875,2.3164113697767337,3.8210942782887325
2026-08-14,49725.947916666664,49339.0375526035,48203.37313014737,47817.083333333336,1.417026926602165,3.044641105244128
2026-08-15,46153.371666666666,46333.52696553368,45835.57947376583,45299.958333333336,0.7575536370719207,1.007716212421695
2026-08-16,41237.909999999996,41301.440109592266,41517.81420734125,40450.291666666664,1.0707329516880522,1.044363501328968
2026-08-17,46349.89958333334,46350.71988307578,46796.254240760405,45460.958333333336,1.2546205197905669,1.5984524576664967
2026-08-18,47435.769166666665,47593.612049771684,47756.684738186894,46599.458333333336,1.0181789401769747,1.3384183552136826
